delete from sports;
insert into sports (sport_id, sport_name, sport_type) values (1, "Running", "Endurance"),(2, "Cycling", "Endurance"),(3, "Powerlifting", "Strength"),(4, "Weightlifting", "Strength");


delete from exercises;

INSERT INTO EXERCISES (EXERCISE_ID, EXERCISE_NAME) VALUES (1,'Back squat');
INSERT INTO EXERCISES (EXERCISE_ID, EXERCISE_NAME) VALUES (2,'Bench press');
INSERT INTO EXERCISES (EXERCISE_ID, EXERCISE_NAME) VALUES (3,'Deadlift');
INSERT INTO EXERCISES (EXERCISE_ID, EXERCISE_NAME) VALUES (4,'Snatch');
INSERT INTO EXERCISES (EXERCISE_ID, EXERCISE_NAME) VALUES (5,'Clean and jerk');
INSERT INTO EXERCISES (EXERCISE_ID, EXERCISE_NAME) VALUES (6,'Snatch pull');
INSERT INTO EXERCISES (EXERCISE_ID, EXERCISE_NAME) VALUES (7,'Clean pull');
INSERT INTO EXERCISES (EXERCISE_ID, EXERCISE_NAME) VALUES (8,'Intervals');
INSERT INTO EXERCISES (EXERCISE_ID, EXERCISE_NAME) VALUES (9,'Tempo');
INSERT INTO EXERCISES (EXERCISE_ID, EXERCISE_NAME) VALUES (10,'Treshold');
INSERT INTO EXERCISES (EXERCISE_ID, EXERCISE_NAME) VALUES (11,'Long endurance');
INSERT INTO EXERCISES (EXERCISE_ID, EXERCISE_NAME) VALUES (12,'Sots press');
INSERT INTO EXERCISES (EXERCISE_ID, EXERCISE_NAME) VALUES (13,'Chin-up');
INSERT INTO EXERCISES (EXERCISE_ID, EXERCISE_NAME) VALUES (14,'Pull-up');
INSERT INTO EXERCISES (EXERCISE_ID, EXERCISE_NAME) VALUES (15,'Bulgarian split squat');
INSERT INTO EXERCISES (EXERCISE_ID, EXERCISE_NAME) VALUES (16,'Tall snatch');
INSERT INTO EXERCISES (EXERCISE_ID, EXERCISE_NAME) VALUES (17,'Tall clean');
INSERT INTO EXERCISES (EXERCISE_ID, EXERCISE_NAME) VALUES (18,'Tall jerk');
INSERT INTO EXERCISES (EXERCISE_ID, EXERCISE_NAME) VALUES (19,'Incline bench');
INSERT INTO EXERCISES (EXERCISE_ID, EXERCISE_NAME) VALUES (20,'Pendlay rows');
INSERT INTO EXERCISES (EXERCISE_ID, EXERCISE_NAME) VALUES (21,'Dumbbell rows');
INSERT INTO EXERCISES (EXERCISE_ID, EXERCISE_NAME) VALUES (22,'Dips');
INSERT INTO EXERCISES (EXERCISE_ID, EXERCISE_NAME) VALUES (23,'Back extensions');
INSERT INTO EXERCISES (EXERCISE_ID, EXERCISE_NAME) VALUES (24,'Ab roll');
INSERT INTO EXERCISES (EXERCISE_ID, EXERCISE_NAME) VALUES (25,'Snatch from knee');
INSERT INTO EXERCISES (EXERCISE_ID, EXERCISE_NAME) VALUES (26,'Clean and jerk from knee');
INSERT INTO EXERCISES (EXERCISE_ID, EXERCISE_NAME) VALUES (27,'Snatch from hip');
INSERT INTO EXERCISES (EXERCISE_ID, EXERCISE_NAME) VALUES (28,'Clean and jerk from hip');
INSERT INTO EXERCISES (EXERCISE_ID, EXERCISE_NAME) VALUES (29,'Front squat');


delete from exercise_purposes;

INSERT INTO EXERCISE_PURPOSES (PURPOSE_ID, PURPOSE_NAME) VALUES (1,'Warm-up');
INSERT INTO EXERCISE_PURPOSES (PURPOSE_ID, PURPOSE_NAME) VALUES (2,'Mobility');
INSERT INTO EXERCISE_PURPOSES (PURPOSE_ID, PURPOSE_NAME) VALUES (3,'Speed');
INSERT INTO EXERCISE_PURPOSES (PURPOSE_ID, PURPOSE_NAME) VALUES (4,'Technique');
INSERT INTO EXERCISE_PURPOSES (PURPOSE_ID, PURPOSE_NAME) VALUES (5,'Plyometrics');
INSERT INTO EXERCISE_PURPOSES (PURPOSE_ID, PURPOSE_NAME) VALUES (6,'Hypertrophy');
INSERT INTO EXERCISE_PURPOSES (PURPOSE_ID, PURPOSE_NAME) VALUES (7,'Accessories');
INSERT INTO EXERCISE_PURPOSES (PURPOSE_ID, PURPOSE_NAME) VALUES (8,'Max power');
INSERT INTO EXERCISE_PURPOSES (PURPOSE_ID, PURPOSE_NAME) VALUES (9,'Fundamental strength');
INSERT INTO EXERCISE_PURPOSES (PURPOSE_ID, PURPOSE_NAME) VALUES (10,'Endurance working set');
INSERT INTO EXERCISE_PURPOSES (PURPOSE_ID, PURPOSE_NAME) VALUES (11,'Core');


delete from exercises_and_purposes;


INSERT INTO EXERCISES_AND_PURPOSES (EXERCISE_ID, PURPOSE_ID) VALUES (1,1);
INSERT INTO EXERCISES_AND_PURPOSES (EXERCISE_ID, PURPOSE_ID) VALUES (1,2);
INSERT INTO EXERCISES_AND_PURPOSES (EXERCISE_ID, PURPOSE_ID) VALUES (1,3);
INSERT INTO EXERCISES_AND_PURPOSES (EXERCISE_ID, PURPOSE_ID) VALUES (1,4);
INSERT INTO EXERCISES_AND_PURPOSES (EXERCISE_ID, PURPOSE_ID) VALUES (1,6);
INSERT INTO EXERCISES_AND_PURPOSES (EXERCISE_ID, PURPOSE_ID) VALUES (1,8);
INSERT INTO EXERCISES_AND_PURPOSES (EXERCISE_ID, PURPOSE_ID) VALUES (1,9);
INSERT INTO EXERCISES_AND_PURPOSES (EXERCISE_ID, PURPOSE_ID) VALUES (29,1);
INSERT INTO EXERCISES_AND_PURPOSES (EXERCISE_ID, PURPOSE_ID) VALUES (29,2);
INSERT INTO EXERCISES_AND_PURPOSES (EXERCISE_ID, PURPOSE_ID) VALUES (29,3);
INSERT INTO EXERCISES_AND_PURPOSES (EXERCISE_ID, PURPOSE_ID) VALUES (29,4);
INSERT INTO EXERCISES_AND_PURPOSES (EXERCISE_ID, PURPOSE_ID) VALUES (29,6);
INSERT INTO EXERCISES_AND_PURPOSES (EXERCISE_ID, PURPOSE_ID) VALUES (29,8);
INSERT INTO EXERCISES_AND_PURPOSES (EXERCISE_ID, PURPOSE_ID) VALUES (29,9);
INSERT INTO EXERCISES_AND_PURPOSES (EXERCISE_ID, PURPOSE_ID) VALUES (2,1);
INSERT INTO EXERCISES_AND_PURPOSES (EXERCISE_ID, PURPOSE_ID) VALUES (2,3);
INSERT INTO EXERCISES_AND_PURPOSES (EXERCISE_ID, PURPOSE_ID) VALUES (2,6);
INSERT INTO EXERCISES_AND_PURPOSES (EXERCISE_ID, PURPOSE_ID) VALUES (2,9);
INSERT INTO EXERCISES_AND_PURPOSES (EXERCISE_ID, PURPOSE_ID) VALUES (2,8);
INSERT INTO EXERCISES_AND_PURPOSES (EXERCISE_ID, PURPOSE_ID) VALUES (3,1);
INSERT INTO EXERCISES_AND_PURPOSES (EXERCISE_ID, PURPOSE_ID) VALUES (3,3);
INSERT INTO EXERCISES_AND_PURPOSES (EXERCISE_ID, PURPOSE_ID) VALUES (3,6);
INSERT INTO EXERCISES_AND_PURPOSES (EXERCISE_ID, PURPOSE_ID) VALUES (3,9);
INSERT INTO EXERCISES_AND_PURPOSES (EXERCISE_ID, PURPOSE_ID) VALUES (3,8);
INSERT INTO EXERCISES_AND_PURPOSES (EXERCISE_ID, PURPOSE_ID) VALUES (4,1);
INSERT INTO EXERCISES_AND_PURPOSES (EXERCISE_ID, PURPOSE_ID) VALUES (4,3);
INSERT INTO EXERCISES_AND_PURPOSES (EXERCISE_ID, PURPOSE_ID) VALUES (4,9);
INSERT INTO EXERCISES_AND_PURPOSES (EXERCISE_ID, PURPOSE_ID) VALUES (4,8);
INSERT INTO EXERCISES_AND_PURPOSES (EXERCISE_ID, PURPOSE_ID) VALUES (5,1);
INSERT INTO EXERCISES_AND_PURPOSES (EXERCISE_ID, PURPOSE_ID) VALUES (5,3);
INSERT INTO EXERCISES_AND_PURPOSES (EXERCISE_ID, PURPOSE_ID) VALUES (5,9);
INSERT INTO EXERCISES_AND_PURPOSES (EXERCISE_ID, PURPOSE_ID) VALUES (5,8);
INSERT INTO EXERCISES_AND_PURPOSES (EXERCISE_ID, PURPOSE_ID) VALUES (6,4);
INSERT INTO EXERCISES_AND_PURPOSES (EXERCISE_ID, PURPOSE_ID) VALUES (6,3);
INSERT INTO EXERCISES_AND_PURPOSES (EXERCISE_ID, PURPOSE_ID) VALUES (6,9);
INSERT INTO EXERCISES_AND_PURPOSES (EXERCISE_ID, PURPOSE_ID) VALUES (7,4);
INSERT INTO EXERCISES_AND_PURPOSES (EXERCISE_ID, PURPOSE_ID) VALUES (7,3);
INSERT INTO EXERCISES_AND_PURPOSES (EXERCISE_ID, PURPOSE_ID) VALUES (7,9);
INSERT INTO EXERCISES_AND_PURPOSES (EXERCISE_ID, PURPOSE_ID) VALUES (8,1);
INSERT INTO EXERCISES_AND_PURPOSES (EXERCISE_ID, PURPOSE_ID) VALUES (8,10);
INSERT INTO EXERCISES_AND_PURPOSES (EXERCISE_ID, PURPOSE_ID) VALUES (9,1);
INSERT INTO EXERCISES_AND_PURPOSES (EXERCISE_ID, PURPOSE_ID) VALUES (9,10);
INSERT INTO EXERCISES_AND_PURPOSES (EXERCISE_ID, PURPOSE_ID) VALUES (10,1);
INSERT INTO EXERCISES_AND_PURPOSES (EXERCISE_ID, PURPOSE_ID) VALUES (10,10);
INSERT INTO EXERCISES_AND_PURPOSES (EXERCISE_ID, PURPOSE_ID) VALUES (11,1);
INSERT INTO EXERCISES_AND_PURPOSES (EXERCISE_ID, PURPOSE_ID) VALUES (11,10);
INSERT INTO EXERCISES_AND_PURPOSES (EXERCISE_ID, PURPOSE_ID) VALUES (12,2);
INSERT INTO EXERCISES_AND_PURPOSES (EXERCISE_ID, PURPOSE_ID) VALUES (12,4);
INSERT INTO EXERCISES_AND_PURPOSES (EXERCISE_ID, PURPOSE_ID) VALUES (13,1);
INSERT INTO EXERCISES_AND_PURPOSES (EXERCISE_ID, PURPOSE_ID) VALUES (13,9);
INSERT INTO EXERCISES_AND_PURPOSES (EXERCISE_ID, PURPOSE_ID) VALUES (13,8);
INSERT INTO EXERCISES_AND_PURPOSES (EXERCISE_ID, PURPOSE_ID) VALUES (14,1);
INSERT INTO EXERCISES_AND_PURPOSES (EXERCISE_ID, PURPOSE_ID) VALUES (14,9);
INSERT INTO EXERCISES_AND_PURPOSES (EXERCISE_ID, PURPOSE_ID) VALUES (14,8);
INSERT INTO EXERCISES_AND_PURPOSES (EXERCISE_ID, PURPOSE_ID) VALUES (15,1);
INSERT INTO EXERCISES_AND_PURPOSES (EXERCISE_ID, PURPOSE_ID) VALUES (15,9);
INSERT INTO EXERCISES_AND_PURPOSES (EXERCISE_ID, PURPOSE_ID) VALUES (15,7);
INSERT INTO EXERCISES_AND_PURPOSES (EXERCISE_ID, PURPOSE_ID) VALUES (16,3);
INSERT INTO EXERCISES_AND_PURPOSES (EXERCISE_ID, PURPOSE_ID) VALUES (16,4);
INSERT INTO EXERCISES_AND_PURPOSES (EXERCISE_ID, PURPOSE_ID) VALUES (17,3);
INSERT INTO EXERCISES_AND_PURPOSES (EXERCISE_ID, PURPOSE_ID) VALUES (17,4);
INSERT INTO EXERCISES_AND_PURPOSES (EXERCISE_ID, PURPOSE_ID) VALUES (18,3);
INSERT INTO EXERCISES_AND_PURPOSES (EXERCISE_ID, PURPOSE_ID) VALUES (18,4);
INSERT INTO EXERCISES_AND_PURPOSES (EXERCISE_ID, PURPOSE_ID) VALUES (19,1);
INSERT INTO EXERCISES_AND_PURPOSES (EXERCISE_ID, PURPOSE_ID) VALUES (19,9);
INSERT INTO EXERCISES_AND_PURPOSES (EXERCISE_ID, PURPOSE_ID) VALUES (19,3);
INSERT INTO EXERCISES_AND_PURPOSES (EXERCISE_ID, PURPOSE_ID) VALUES (20,1);
INSERT INTO EXERCISES_AND_PURPOSES (EXERCISE_ID, PURPOSE_ID) VALUES (20,9);
INSERT INTO EXERCISES_AND_PURPOSES (EXERCISE_ID, PURPOSE_ID) VALUES (20,3);
INSERT INTO EXERCISES_AND_PURPOSES (EXERCISE_ID, PURPOSE_ID) VALUES (21,1);
INSERT INTO EXERCISES_AND_PURPOSES (EXERCISE_ID, PURPOSE_ID) VALUES (21,9);
INSERT INTO EXERCISES_AND_PURPOSES (EXERCISE_ID, PURPOSE_ID) VALUES (22,1);
INSERT INTO EXERCISES_AND_PURPOSES (EXERCISE_ID, PURPOSE_ID) VALUES (22,9);
INSERT INTO EXERCISES_AND_PURPOSES (EXERCISE_ID, PURPOSE_ID) VALUES (23,11);
INSERT INTO EXERCISES_AND_PURPOSES (EXERCISE_ID, PURPOSE_ID) VALUES (24,11);
INSERT INTO EXERCISES_AND_PURPOSES (EXERCISE_ID, PURPOSE_ID) VALUES (25,1);
INSERT INTO EXERCISES_AND_PURPOSES (EXERCISE_ID, PURPOSE_ID) VALUES (25,3);
INSERT INTO EXERCISES_AND_PURPOSES (EXERCISE_ID, PURPOSE_ID) VALUES (25,9);
INSERT INTO EXERCISES_AND_PURPOSES (EXERCISE_ID, PURPOSE_ID) VALUES (25,8);
INSERT INTO EXERCISES_AND_PURPOSES (EXERCISE_ID, PURPOSE_ID) VALUES (26,1);
INSERT INTO EXERCISES_AND_PURPOSES (EXERCISE_ID, PURPOSE_ID) VALUES (26,3);
INSERT INTO EXERCISES_AND_PURPOSES (EXERCISE_ID, PURPOSE_ID) VALUES (26,9);
INSERT INTO EXERCISES_AND_PURPOSES (EXERCISE_ID, PURPOSE_ID) VALUES (26,8);
INSERT INTO EXERCISES_AND_PURPOSES (EXERCISE_ID, PURPOSE_ID) VALUES (27,1);
INSERT INTO EXERCISES_AND_PURPOSES (EXERCISE_ID, PURPOSE_ID) VALUES (27,3);
INSERT INTO EXERCISES_AND_PURPOSES (EXERCISE_ID, PURPOSE_ID) VALUES (27,9);
INSERT INTO EXERCISES_AND_PURPOSES (EXERCISE_ID, PURPOSE_ID) VALUES (27,8);
INSERT INTO EXERCISES_AND_PURPOSES (EXERCISE_ID, PURPOSE_ID) VALUES (28,1);
INSERT INTO EXERCISES_AND_PURPOSES (EXERCISE_ID, PURPOSE_ID) VALUES (28,3);
INSERT INTO EXERCISES_AND_PURPOSES (EXERCISE_ID, PURPOSE_ID) VALUES (28,9);
INSERT INTO EXERCISES_AND_PURPOSES (EXERCISE_ID, PURPOSE_ID) VALUES (28,8);



delete from exercises_and_sports;

INSERT INTO EXERCISES_AND_SPORTS (EXERCISE_ID, SPORT_ID) VALUES (1,4);
INSERT INTO EXERCISES_AND_SPORTS (EXERCISE_ID, SPORT_ID) VALUES (1,3);
INSERT INTO EXERCISES_AND_SPORTS (EXERCISE_ID, SPORT_ID) VALUES (2,3);
INSERT INTO EXERCISES_AND_SPORTS (EXERCISE_ID, SPORT_ID) VALUES (3,3);
INSERT INTO EXERCISES_AND_SPORTS (EXERCISE_ID, SPORT_ID) VALUES (29,4);
INSERT INTO EXERCISES_AND_SPORTS (EXERCISE_ID, SPORT_ID) VALUES (29,3);
INSERT INTO EXERCISES_AND_SPORTS (EXERCISE_ID, SPORT_ID) VALUES (4,4);
INSERT INTO EXERCISES_AND_SPORTS (EXERCISE_ID, SPORT_ID) VALUES (5,4);
INSERT INTO EXERCISES_AND_SPORTS (EXERCISE_ID, SPORT_ID) VALUES (6,4);
INSERT INTO EXERCISES_AND_SPORTS (EXERCISE_ID, SPORT_ID) VALUES (7,4);
INSERT INTO EXERCISES_AND_SPORTS (EXERCISE_ID, SPORT_ID) VALUES (8,1);
INSERT INTO EXERCISES_AND_SPORTS (EXERCISE_ID, SPORT_ID) VALUES (8,2);
INSERT INTO EXERCISES_AND_SPORTS (EXERCISE_ID, SPORT_ID) VALUES (9,1);
INSERT INTO EXERCISES_AND_SPORTS (EXERCISE_ID, SPORT_ID) VALUES (9,2);
INSERT INTO EXERCISES_AND_SPORTS (EXERCISE_ID, SPORT_ID) VALUES (10,1);
INSERT INTO EXERCISES_AND_SPORTS (EXERCISE_ID, SPORT_ID) VALUES (10,2);
INSERT INTO EXERCISES_AND_SPORTS (EXERCISE_ID, SPORT_ID) VALUES (11,1);
INSERT INTO EXERCISES_AND_SPORTS (EXERCISE_ID, SPORT_ID) VALUES (11,2);
INSERT INTO EXERCISES_AND_SPORTS (EXERCISE_ID, SPORT_ID) VALUES (12,4);
INSERT INTO EXERCISES_AND_SPORTS (EXERCISE_ID, SPORT_ID) VALUES (13,4);
INSERT INTO EXERCISES_AND_SPORTS (EXERCISE_ID, SPORT_ID) VALUES (13,3);
INSERT INTO EXERCISES_AND_SPORTS (EXERCISE_ID, SPORT_ID) VALUES (14,4);
INSERT INTO EXERCISES_AND_SPORTS (EXERCISE_ID, SPORT_ID) VALUES (14,3);
INSERT INTO EXERCISES_AND_SPORTS (EXERCISE_ID, SPORT_ID) VALUES (15,4);
INSERT INTO EXERCISES_AND_SPORTS (EXERCISE_ID, SPORT_ID) VALUES (15,3);
INSERT INTO EXERCISES_AND_SPORTS (EXERCISE_ID, SPORT_ID) VALUES (16,4);
INSERT INTO EXERCISES_AND_SPORTS (EXERCISE_ID, SPORT_ID) VALUES (17,4);
INSERT INTO EXERCISES_AND_SPORTS (EXERCISE_ID, SPORT_ID) VALUES (18,4);
INSERT INTO EXERCISES_AND_SPORTS (EXERCISE_ID, SPORT_ID) VALUES (19,3);
INSERT INTO EXERCISES_AND_SPORTS (EXERCISE_ID, SPORT_ID) VALUES (20,4);
INSERT INTO EXERCISES_AND_SPORTS (EXERCISE_ID, SPORT_ID) VALUES (20,3);
INSERT INTO EXERCISES_AND_SPORTS (EXERCISE_ID, SPORT_ID) VALUES (21,4);
INSERT INTO EXERCISES_AND_SPORTS (EXERCISE_ID, SPORT_ID) VALUES (21,3);
INSERT INTO EXERCISES_AND_SPORTS (EXERCISE_ID, SPORT_ID) VALUES (22,4);
INSERT INTO EXERCISES_AND_SPORTS (EXERCISE_ID, SPORT_ID) VALUES (22,3);
INSERT INTO EXERCISES_AND_SPORTS (EXERCISE_ID, SPORT_ID) VALUES (23,4);
INSERT INTO EXERCISES_AND_SPORTS (EXERCISE_ID, SPORT_ID) VALUES (23,3);
INSERT INTO EXERCISES_AND_SPORTS (EXERCISE_ID, SPORT_ID) VALUES (24,4);
INSERT INTO EXERCISES_AND_SPORTS (EXERCISE_ID, SPORT_ID) VALUES (24,3);
INSERT INTO EXERCISES_AND_SPORTS (EXERCISE_ID, SPORT_ID) VALUES (25,4);
INSERT INTO EXERCISES_AND_SPORTS (EXERCISE_ID, SPORT_ID) VALUES (26,4);
INSERT INTO EXERCISES_AND_SPORTS (EXERCISE_ID, SPORT_ID) VALUES (27,4);
INSERT INTO EXERCISES_AND_SPORTS (EXERCISE_ID, SPORT_ID) VALUES (28,4);

delete from cities;

INSERT INTO CITIES (CITY, REGION, COUNTRY) VALUES ('Akaa','Pirkanmaa','Finland');
INSERT INTO CITIES (CITY, REGION, COUNTRY) VALUES ('Alajärvi','South Ostrobothnia','Finland');
INSERT INTO CITIES (CITY, REGION, COUNTRY) VALUES ('Alavieska','North Ostrobothnia','Finland');
INSERT INTO CITIES (CITY, REGION, COUNTRY) VALUES ('Alavus','South Ostrobothnia','Finland');
INSERT INTO CITIES (CITY, REGION, COUNTRY) VALUES ('Asikkala','Päijät-Häme','Finland');
INSERT INTO CITIES (CITY, REGION, COUNTRY) VALUES ('Askola','Uusimaa','Finland');
INSERT INTO CITIES (CITY, REGION, COUNTRY) VALUES ('Aura','Southwest Finland','Finland');
INSERT INTO CITIES (CITY, REGION, COUNTRY) VALUES ('Brändö','Åland','Finland');
INSERT INTO CITIES (CITY, REGION, COUNTRY) VALUES ('Eckerö','Åland','Finland');
INSERT INTO CITIES (CITY, REGION, COUNTRY) VALUES ('Enonkoski','South Savo','Finland');
INSERT INTO CITIES (CITY, REGION, COUNTRY) VALUES ('Enontekiö','Lapland','Finland');
INSERT INTO CITIES (CITY, REGION, COUNTRY) VALUES ('Espoo','Uusimaa','Finland');
INSERT INTO CITIES (CITY, REGION, COUNTRY) VALUES ('Eura','Satakunta','Finland');
INSERT INTO CITIES (CITY, REGION, COUNTRY) VALUES ('Eurajoki','Satakunta','Finland');
INSERT INTO CITIES (CITY, REGION, COUNTRY) VALUES ('Evijärvi','South Ostrobothnia','Finland');
INSERT INTO CITIES (CITY, REGION, COUNTRY) VALUES ('Finström','Åland','Finland');
INSERT INTO CITIES (CITY, REGION, COUNTRY) VALUES ('Forssa','Kanta-Häme','Finland');
INSERT INTO CITIES (CITY, REGION, COUNTRY) VALUES ('Föglö','Åland','Finland');
INSERT INTO CITIES (CITY, REGION, COUNTRY) VALUES ('Geta','Åland','Finland');
INSERT INTO CITIES (CITY, REGION, COUNTRY) VALUES ('Haapajärvi','North Ostrobothnia','Finland');
INSERT INTO CITIES (CITY, REGION, COUNTRY) VALUES ('Haapavesi','North Ostrobothnia','Finland');
INSERT INTO CITIES (CITY, REGION, COUNTRY) VALUES ('Hailuoto','North Ostrobothnia','Finland');
INSERT INTO CITIES (CITY, REGION, COUNTRY) VALUES ('Halsua','Central Ostrobothnia','Finland');
INSERT INTO CITIES (CITY, REGION, COUNTRY) VALUES ('Hamina','Kymenlaakso','Finland');
INSERT INTO CITIES (CITY, REGION, COUNTRY) VALUES ('Hammarland','Åland','Finland');
INSERT INTO CITIES (CITY, REGION, COUNTRY) VALUES ('Hankasalmi','Central Finland','Finland');
INSERT INTO CITIES (CITY, REGION, COUNTRY) VALUES ('Hanko','Uusimaa','Finland');
INSERT INTO CITIES (CITY, REGION, COUNTRY) VALUES ('Harjavalta','Satakunta','Finland');
INSERT INTO CITIES (CITY, REGION, COUNTRY) VALUES ('Hartola','Päijät-Häme','Finland');
INSERT INTO CITIES (CITY, REGION, COUNTRY) VALUES ('Hattula','Kanta-Häme','Finland');
INSERT INTO CITIES (CITY, REGION, COUNTRY) VALUES ('Hausjärvi','Kanta-Häme','Finland');
INSERT INTO CITIES (CITY, REGION, COUNTRY) VALUES ('Heinola','Päijät-Häme','Finland');
INSERT INTO CITIES (CITY, REGION, COUNTRY) VALUES ('Heinävesi','North Karelia','Finland');
INSERT INTO CITIES (CITY, REGION, COUNTRY) VALUES ('Helsinki','Uusimaa','Finland');
INSERT INTO CITIES (CITY, REGION, COUNTRY) VALUES ('Hirvensalmi','South Savo','Finland');
INSERT INTO CITIES (CITY, REGION, COUNTRY) VALUES ('Hollola','Päijät-Häme','Finland');
INSERT INTO CITIES (CITY, REGION, COUNTRY) VALUES ('Huittinen','Satakunta','Finland');
INSERT INTO CITIES (CITY, REGION, COUNTRY) VALUES ('Humppila','Kanta-Häme','Finland');
INSERT INTO CITIES (CITY, REGION, COUNTRY) VALUES ('Hyrynsalmi','Kainuu','Finland');
INSERT INTO CITIES (CITY, REGION, COUNTRY) VALUES ('Hyvinkää','Uusimaa','Finland');
INSERT INTO CITIES (CITY, REGION, COUNTRY) VALUES ('Hämeenkyrö','Pirkanmaa','Finland');
INSERT INTO CITIES (CITY, REGION, COUNTRY) VALUES ('Hämeenlinna','Kanta-Häme','Finland');
INSERT INTO CITIES (CITY, REGION, COUNTRY) VALUES ('Ii','North Ostrobothnia','Finland');
INSERT INTO CITIES (CITY, REGION, COUNTRY) VALUES ('Iisalmi','North Savo','Finland');
INSERT INTO CITIES (CITY, REGION, COUNTRY) VALUES ('Iitti','Päijät-Häme','Finland');
INSERT INTO CITIES (CITY, REGION, COUNTRY) VALUES ('Ikaalinen','Pirkanmaa','Finland');
INSERT INTO CITIES (CITY, REGION, COUNTRY) VALUES ('Ilmajoki','South Ostrobothnia','Finland');
INSERT INTO CITIES (CITY, REGION, COUNTRY) VALUES ('Ilomantsi','North Karelia','Finland');
INSERT INTO CITIES (CITY, REGION, COUNTRY) VALUES ('Imatra','South Karelia','Finland');
INSERT INTO CITIES (CITY, REGION, COUNTRY) VALUES ('Inari','Lapland','Finland');
INSERT INTO CITIES (CITY, REGION, COUNTRY) VALUES ('Inkoo','Uusimaa','Finland');
INSERT INTO CITIES (CITY, REGION, COUNTRY) VALUES ('Isojoki','South Ostrobothnia','Finland');
INSERT INTO CITIES (CITY, REGION, COUNTRY) VALUES ('Isokyrö','South Ostrobothnia','Finland');
INSERT INTO CITIES (CITY, REGION, COUNTRY) VALUES ('Janakkala','Kanta-Häme','Finland');
INSERT INTO CITIES (CITY, REGION, COUNTRY) VALUES ('Joensuu','North Karelia','Finland');
INSERT INTO CITIES (CITY, REGION, COUNTRY) VALUES ('Jokioinen','Kanta-Häme','Finland');
INSERT INTO CITIES (CITY, REGION, COUNTRY) VALUES ('Jomala','Åland','Finland');
INSERT INTO CITIES (CITY, REGION, COUNTRY) VALUES ('Joroinen','North Savo','Finland');
INSERT INTO CITIES (CITY, REGION, COUNTRY) VALUES ('Joutsa','Central Finland','Finland');
INSERT INTO CITIES (CITY, REGION, COUNTRY) VALUES ('Juuka','North Karelia','Finland');
INSERT INTO CITIES (CITY, REGION, COUNTRY) VALUES ('Juupajoki','Pirkanmaa','Finland');
INSERT INTO CITIES (CITY, REGION, COUNTRY) VALUES ('Juva','South Savo','Finland');
INSERT INTO CITIES (CITY, REGION, COUNTRY) VALUES ('Jyväskylä','Central Finland','Finland');
INSERT INTO CITIES (CITY, REGION, COUNTRY) VALUES ('Jämijärvi','Satakunta','Finland');
INSERT INTO CITIES (CITY, REGION, COUNTRY) VALUES ('Jämsä','Central Finland','Finland');
INSERT INTO CITIES (CITY, REGION, COUNTRY) VALUES ('Järvenpää','Uusimaa','Finland');
INSERT INTO CITIES (CITY, REGION, COUNTRY) VALUES ('Kaarina','Southwest Finland','Finland');
INSERT INTO CITIES (CITY, REGION, COUNTRY) VALUES ('Kaavi','North Savo','Finland');
INSERT INTO CITIES (CITY, REGION, COUNTRY) VALUES ('Kajaani','Kainuu','Finland');
INSERT INTO CITIES (CITY, REGION, COUNTRY) VALUES ('Kalajoki','North Ostrobothnia','Finland');
INSERT INTO CITIES (CITY, REGION, COUNTRY) VALUES ('Kangasala','Pirkanmaa','Finland');
INSERT INTO CITIES (CITY, REGION, COUNTRY) VALUES ('Kangasniemi','South Savo','Finland');
INSERT INTO CITIES (CITY, REGION, COUNTRY) VALUES ('Kankaanpää','Satakunta','Finland');
INSERT INTO CITIES (CITY, REGION, COUNTRY) VALUES ('Kannonkoski','Central Finland','Finland');
INSERT INTO CITIES (CITY, REGION, COUNTRY) VALUES ('Kannus','Central Ostrobothnia','Finland');
INSERT INTO CITIES (CITY, REGION, COUNTRY) VALUES ('Karijoki','South Ostrobothnia','Finland');
INSERT INTO CITIES (CITY, REGION, COUNTRY) VALUES ('Karkkila','Uusimaa','Finland');
INSERT INTO CITIES (CITY, REGION, COUNTRY) VALUES ('Karstula','Central Finland','Finland');
INSERT INTO CITIES (CITY, REGION, COUNTRY) VALUES ('Karvia','Satakunta','Finland');
INSERT INTO CITIES (CITY, REGION, COUNTRY) VALUES ('Kaskinen','Ostrobothnia','Finland');
INSERT INTO CITIES (CITY, REGION, COUNTRY) VALUES ('Kauhajoki','South Ostrobothnia','Finland');
INSERT INTO CITIES (CITY, REGION, COUNTRY) VALUES ('Kauhava','South Ostrobothnia','Finland');
INSERT INTO CITIES (CITY, REGION, COUNTRY) VALUES ('Kauniainen','Uusimaa','Finland');
INSERT INTO CITIES (CITY, REGION, COUNTRY) VALUES ('Kaustinen','Central Ostrobothnia','Finland');
INSERT INTO CITIES (CITY, REGION, COUNTRY) VALUES ('Keitele','North Savo','Finland');
INSERT INTO CITIES (CITY, REGION, COUNTRY) VALUES ('Kemi','Lapland','Finland');
INSERT INTO CITIES (CITY, REGION, COUNTRY) VALUES ('Kemijärvi','Lapland','Finland');
INSERT INTO CITIES (CITY, REGION, COUNTRY) VALUES ('Keminmaa','Lapland','Finland');
INSERT INTO CITIES (CITY, REGION, COUNTRY) VALUES ('Kemiönsaari','Southwest Finland','Finland');
INSERT INTO CITIES (CITY, REGION, COUNTRY) VALUES ('Kempele','North Ostrobothnia','Finland');
INSERT INTO CITIES (CITY, REGION, COUNTRY) VALUES ('Kerava','Uusimaa','Finland');
INSERT INTO CITIES (CITY, REGION, COUNTRY) VALUES ('Keuruu','Central Finland','Finland');
INSERT INTO CITIES (CITY, REGION, COUNTRY) VALUES ('Kihniö','Pirkanmaa','Finland');
INSERT INTO CITIES (CITY, REGION, COUNTRY) VALUES ('Kinnula','Central Finland','Finland');
INSERT INTO CITIES (CITY, REGION, COUNTRY) VALUES ('Kirkkonummi','Uusimaa','Finland');
INSERT INTO CITIES (CITY, REGION, COUNTRY) VALUES ('Kitee','North Karelia','Finland');
INSERT INTO CITIES (CITY, REGION, COUNTRY) VALUES ('Kittilä','Lapland','Finland');
INSERT INTO CITIES (CITY, REGION, COUNTRY) VALUES ('Kiuruvesi','North Savo','Finland');
INSERT INTO CITIES (CITY, REGION, COUNTRY) VALUES ('Kivijärvi','Central Finland','Finland');
INSERT INTO CITIES (CITY, REGION, COUNTRY) VALUES ('Kokemäki','Satakunta','Finland');
INSERT INTO CITIES (CITY, REGION, COUNTRY) VALUES ('Kokkola','Central Ostrobothnia','Finland');
INSERT INTO CITIES (CITY, REGION, COUNTRY) VALUES ('Kolari','Lapland','Finland');
INSERT INTO CITIES (CITY, REGION, COUNTRY) VALUES ('Konnevesi','Central Finland','Finland');
INSERT INTO CITIES (CITY, REGION, COUNTRY) VALUES ('Kontiolahti','North Karelia','Finland');
INSERT INTO CITIES (CITY, REGION, COUNTRY) VALUES ('Korsnäs','Ostrobothnia','Finland');
INSERT INTO CITIES (CITY, REGION, COUNTRY) VALUES ('Koski Tl','Southwest Finland','Finland');
INSERT INTO CITIES (CITY, REGION, COUNTRY) VALUES ('Kotka','Kymenlaakso','Finland');
INSERT INTO CITIES (CITY, REGION, COUNTRY) VALUES ('Kouvola','Kymenlaakso','Finland');
INSERT INTO CITIES (CITY, REGION, COUNTRY) VALUES ('Kristiinankaupunki','Ostrobothnia','Finland');
INSERT INTO CITIES (CITY, REGION, COUNTRY) VALUES ('Kruunupyy','Ostrobothnia','Finland');
INSERT INTO CITIES (CITY, REGION, COUNTRY) VALUES ('Kuhmo','Kainuu','Finland');
INSERT INTO CITIES (CITY, REGION, COUNTRY) VALUES ('Kuhmoinen','Pirkanmaa','Finland');
INSERT INTO CITIES (CITY, REGION, COUNTRY) VALUES ('Kumlinge','Åland','Finland');
INSERT INTO CITIES (CITY, REGION, COUNTRY) VALUES ('Kuopio','North Savo','Finland');
INSERT INTO CITIES (CITY, REGION, COUNTRY) VALUES ('Kuortane','South Ostrobothnia','Finland');
INSERT INTO CITIES (CITY, REGION, COUNTRY) VALUES ('Kurikka','South Ostrobothnia','Finland');
INSERT INTO CITIES (CITY, REGION, COUNTRY) VALUES ('Kustavi','Southwest Finland','Finland');
INSERT INTO CITIES (CITY, REGION, COUNTRY) VALUES ('Kuusamo','North Ostrobothnia','Finland');
INSERT INTO CITIES (CITY, REGION, COUNTRY) VALUES ('Kyyjärvi','Central Finland','Finland');
INSERT INTO CITIES (CITY, REGION, COUNTRY) VALUES ('Kärkölä','Päijät-Häme','Finland');
INSERT INTO CITIES (CITY, REGION, COUNTRY) VALUES ('Kärsämäki','North Ostrobothnia','Finland');
INSERT INTO CITIES (CITY, REGION, COUNTRY) VALUES ('Kökar','Åland','Finland');
INSERT INTO CITIES (CITY, REGION, COUNTRY) VALUES ('Lahti','Päijät-Häme','Finland');
INSERT INTO CITIES (CITY, REGION, COUNTRY) VALUES ('Laihia','Ostrobothnia','Finland');
INSERT INTO CITIES (CITY, REGION, COUNTRY) VALUES ('Laitila','Southwest Finland','Finland');
INSERT INTO CITIES (CITY, REGION, COUNTRY) VALUES ('Lapinjärvi','Uusimaa','Finland');
INSERT INTO CITIES (CITY, REGION, COUNTRY) VALUES ('Lapinlahti','North Savo','Finland');
INSERT INTO CITIES (CITY, REGION, COUNTRY) VALUES ('Lappajärvi','South Ostrobothnia','Finland');
INSERT INTO CITIES (CITY, REGION, COUNTRY) VALUES ('Lappeenranta','South Karelia','Finland');
INSERT INTO CITIES (CITY, REGION, COUNTRY) VALUES ('Lapua','South Ostrobothnia','Finland');
INSERT INTO CITIES (CITY, REGION, COUNTRY) VALUES ('Laukaa','Central Finland','Finland');
INSERT INTO CITIES (CITY, REGION, COUNTRY) VALUES ('Lemi','South Karelia','Finland');
INSERT INTO CITIES (CITY, REGION, COUNTRY) VALUES ('Lemland','Åland','Finland');
INSERT INTO CITIES (CITY, REGION, COUNTRY) VALUES ('Lempäälä','Pirkanmaa','Finland');
INSERT INTO CITIES (CITY, REGION, COUNTRY) VALUES ('Leppävirta','North Savo','Finland');
INSERT INTO CITIES (CITY, REGION, COUNTRY) VALUES ('Lestijärvi','Central Ostrobothnia','Finland');
INSERT INTO CITIES (CITY, REGION, COUNTRY) VALUES ('Lieksa','North Karelia','Finland');
INSERT INTO CITIES (CITY, REGION, COUNTRY) VALUES ('Lieto','Southwest Finland','Finland');
INSERT INTO CITIES (CITY, REGION, COUNTRY) VALUES ('Liminka','North Ostrobothnia','Finland');
INSERT INTO CITIES (CITY, REGION, COUNTRY) VALUES ('Liperi','North Karelia','Finland');
INSERT INTO CITIES (CITY, REGION, COUNTRY) VALUES ('Lohja','Uusimaa','Finland');
INSERT INTO CITIES (CITY, REGION, COUNTRY) VALUES ('Loimaa','Southwest Finland','Finland');
INSERT INTO CITIES (CITY, REGION, COUNTRY) VALUES ('Loppi','Kanta-Häme','Finland');
INSERT INTO CITIES (CITY, REGION, COUNTRY) VALUES ('Loviisa','Uusimaa','Finland');
INSERT INTO CITIES (CITY, REGION, COUNTRY) VALUES ('Luhanka','Central Finland','Finland');
INSERT INTO CITIES (CITY, REGION, COUNTRY) VALUES ('Lumijoki','North Ostrobothnia','Finland');
INSERT INTO CITIES (CITY, REGION, COUNTRY) VALUES ('Lumparland','Åland','Finland');
INSERT INTO CITIES (CITY, REGION, COUNTRY) VALUES ('Luoto','Ostrobothnia','Finland');
INSERT INTO CITIES (CITY, REGION, COUNTRY) VALUES ('Luumäki','South Karelia','Finland');
INSERT INTO CITIES (CITY, REGION, COUNTRY) VALUES ('Maalahti','Ostrobothnia','Finland');
INSERT INTO CITIES (CITY, REGION, COUNTRY) VALUES ('Maarianhamina','Åland','Finland');
INSERT INTO CITIES (CITY, REGION, COUNTRY) VALUES ('Marttila','Southwest Finland','Finland');
INSERT INTO CITIES (CITY, REGION, COUNTRY) VALUES ('Masku','Southwest Finland','Finland');
INSERT INTO CITIES (CITY, REGION, COUNTRY) VALUES ('Merijärvi','North Ostrobothnia','Finland');
INSERT INTO CITIES (CITY, REGION, COUNTRY) VALUES ('Merikarvia','Satakunta','Finland');
INSERT INTO CITIES (CITY, REGION, COUNTRY) VALUES ('Miehikkälä','Kymenlaakso','Finland');
INSERT INTO CITIES (CITY, REGION, COUNTRY) VALUES ('Mikkeli','South Savo','Finland');
INSERT INTO CITIES (CITY, REGION, COUNTRY) VALUES ('Muhos','North Ostrobothnia','Finland');
INSERT INTO CITIES (CITY, REGION, COUNTRY) VALUES ('Multia','Central Finland','Finland');
INSERT INTO CITIES (CITY, REGION, COUNTRY) VALUES ('Muonio','Lapland','Finland');
INSERT INTO CITIES (CITY, REGION, COUNTRY) VALUES ('Mustasaari','Ostrobothnia','Finland');
INSERT INTO CITIES (CITY, REGION, COUNTRY) VALUES ('Muurame','Central Finland','Finland');
INSERT INTO CITIES (CITY, REGION, COUNTRY) VALUES ('Mynämäki','Southwest Finland','Finland');
INSERT INTO CITIES (CITY, REGION, COUNTRY) VALUES ('Myrskylä','Uusimaa','Finland');
INSERT INTO CITIES (CITY, REGION, COUNTRY) VALUES ('Mäntsälä','Uusimaa','Finland');
INSERT INTO CITIES (CITY, REGION, COUNTRY) VALUES ('Mänttä-Vilppula','Pirkanmaa','Finland');
INSERT INTO CITIES (CITY, REGION, COUNTRY) VALUES ('Mäntyharju','South Savo','Finland');
INSERT INTO CITIES (CITY, REGION, COUNTRY) VALUES ('Naantali','Southwest Finland','Finland');
INSERT INTO CITIES (CITY, REGION, COUNTRY) VALUES ('Nakkila','Satakunta','Finland');
INSERT INTO CITIES (CITY, REGION, COUNTRY) VALUES ('Nivala','North Ostrobothnia','Finland');
INSERT INTO CITIES (CITY, REGION, COUNTRY) VALUES ('Nokia','Pirkanmaa','Finland');
INSERT INTO CITIES (CITY, REGION, COUNTRY) VALUES ('Nousiainen','Southwest Finland','Finland');
INSERT INTO CITIES (CITY, REGION, COUNTRY) VALUES ('Nurmes','North Karelia','Finland');
INSERT INTO CITIES (CITY, REGION, COUNTRY) VALUES ('Nurmijärvi','Uusimaa','Finland');
INSERT INTO CITIES (CITY, REGION, COUNTRY) VALUES ('Närpiö','Ostrobothnia','Finland');
INSERT INTO CITIES (CITY, REGION, COUNTRY) VALUES ('Orimattila','Päijät-Häme','Finland');
INSERT INTO CITIES (CITY, REGION, COUNTRY) VALUES ('Oripää','Southwest Finland','Finland');
INSERT INTO CITIES (CITY, REGION, COUNTRY) VALUES ('Orivesi','Pirkanmaa','Finland');
INSERT INTO CITIES (CITY, REGION, COUNTRY) VALUES ('Oulainen','North Ostrobothnia','Finland');
INSERT INTO CITIES (CITY, REGION, COUNTRY) VALUES ('Oulu','North Ostrobothnia','Finland');
INSERT INTO CITIES (CITY, REGION, COUNTRY) VALUES ('Outokumpu','North Karelia','Finland');
INSERT INTO CITIES (CITY, REGION, COUNTRY) VALUES ('Padasjoki','Päijät-Häme','Finland');
INSERT INTO CITIES (CITY, REGION, COUNTRY) VALUES ('Paimio','Southwest Finland','Finland');
INSERT INTO CITIES (CITY, REGION, COUNTRY) VALUES ('Paltamo','Kainuu','Finland');
INSERT INTO CITIES (CITY, REGION, COUNTRY) VALUES ('Parainen','Southwest Finland','Finland');
INSERT INTO CITIES (CITY, REGION, COUNTRY) VALUES ('Parikkala','South Karelia','Finland');
INSERT INTO CITIES (CITY, REGION, COUNTRY) VALUES ('Parkano','Pirkanmaa','Finland');
INSERT INTO CITIES (CITY, REGION, COUNTRY) VALUES ('Pedersören kunta','Ostrobothnia','Finland');
INSERT INTO CITIES (CITY, REGION, COUNTRY) VALUES ('Pelkosenniemi','Lapland','Finland');
INSERT INTO CITIES (CITY, REGION, COUNTRY) VALUES ('Pello','Lapland','Finland');
INSERT INTO CITIES (CITY, REGION, COUNTRY) VALUES ('Perho','Central Ostrobothnia','Finland');
INSERT INTO CITIES (CITY, REGION, COUNTRY) VALUES ('Petäjävesi','Central Finland','Finland');
INSERT INTO CITIES (CITY, REGION, COUNTRY) VALUES ('Pieksämäki','South Savo','Finland');
INSERT INTO CITIES (CITY, REGION, COUNTRY) VALUES ('Pielavesi','North Savo','Finland');
INSERT INTO CITIES (CITY, REGION, COUNTRY) VALUES ('Pietarsaari','Ostrobothnia','Finland');
INSERT INTO CITIES (CITY, REGION, COUNTRY) VALUES ('Pihtipudas','Central Finland','Finland');
INSERT INTO CITIES (CITY, REGION, COUNTRY) VALUES ('Pirkkala','Pirkanmaa','Finland');
INSERT INTO CITIES (CITY, REGION, COUNTRY) VALUES ('Polvijärvi','North Karelia','Finland');
INSERT INTO CITIES (CITY, REGION, COUNTRY) VALUES ('Pomarkku','Satakunta','Finland');
INSERT INTO CITIES (CITY, REGION, COUNTRY) VALUES ('Pori','Satakunta','Finland');
INSERT INTO CITIES (CITY, REGION, COUNTRY) VALUES ('Pornainen','Uusimaa','Finland');
INSERT INTO CITIES (CITY, REGION, COUNTRY) VALUES ('Porvoo','Uusimaa','Finland');
INSERT INTO CITIES (CITY, REGION, COUNTRY) VALUES ('Posio','Lapland','Finland');
INSERT INTO CITIES (CITY, REGION, COUNTRY) VALUES ('Pudasjärvi','North Ostrobothnia','Finland');
INSERT INTO CITIES (CITY, REGION, COUNTRY) VALUES ('Pukkila','Uusimaa','Finland');
INSERT INTO CITIES (CITY, REGION, COUNTRY) VALUES ('Punkalaidun','Pirkanmaa','Finland');
INSERT INTO CITIES (CITY, REGION, COUNTRY) VALUES ('Puolanka','Kainuu','Finland');
INSERT INTO CITIES (CITY, REGION, COUNTRY) VALUES ('Puumala','South Savo','Finland');
INSERT INTO CITIES (CITY, REGION, COUNTRY) VALUES ('Pyhtää','Kymenlaakso','Finland');
INSERT INTO CITIES (CITY, REGION, COUNTRY) VALUES ('Pyhäjoki','North Ostrobothnia','Finland');
INSERT INTO CITIES (CITY, REGION, COUNTRY) VALUES ('Pyhäjärvi','North Ostrobothnia','Finland');
INSERT INTO CITIES (CITY, REGION, COUNTRY) VALUES ('Pyhäntä','North Ostrobothnia','Finland');
INSERT INTO CITIES (CITY, REGION, COUNTRY) VALUES ('Pyhäranta','Southwest Finland','Finland');
INSERT INTO CITIES (CITY, REGION, COUNTRY) VALUES ('Pälkäne','Pirkanmaa','Finland');
INSERT INTO CITIES (CITY, REGION, COUNTRY) VALUES ('Pöytyä','Southwest Finland','Finland');
INSERT INTO CITIES (CITY, REGION, COUNTRY) VALUES ('Raahe','North Ostrobothnia','Finland');
INSERT INTO CITIES (CITY, REGION, COUNTRY) VALUES ('Raasepori','Uusimaa','Finland');
INSERT INTO CITIES (CITY, REGION, COUNTRY) VALUES ('Raisio','Southwest Finland','Finland');
INSERT INTO CITIES (CITY, REGION, COUNTRY) VALUES ('Rantasalmi','South Savo','Finland');
INSERT INTO CITIES (CITY, REGION, COUNTRY) VALUES ('Ranua','Lapland','Finland');
INSERT INTO CITIES (CITY, REGION, COUNTRY) VALUES ('Rauma','Satakunta','Finland');
INSERT INTO CITIES (CITY, REGION, COUNTRY) VALUES ('Rautalampi','North Savo','Finland');
INSERT INTO CITIES (CITY, REGION, COUNTRY) VALUES ('Rautavaara','North Savo','Finland');
INSERT INTO CITIES (CITY, REGION, COUNTRY) VALUES ('Rautjärvi','South Karelia','Finland');
INSERT INTO CITIES (CITY, REGION, COUNTRY) VALUES ('Reisjärvi','North Ostrobothnia','Finland');
INSERT INTO CITIES (CITY, REGION, COUNTRY) VALUES ('Riihimäki','Kanta-Häme','Finland');
INSERT INTO CITIES (CITY, REGION, COUNTRY) VALUES ('Ristijärvi','Kainuu','Finland');
INSERT INTO CITIES (CITY, REGION, COUNTRY) VALUES ('Rovaniemi','Lapland','Finland');
INSERT INTO CITIES (CITY, REGION, COUNTRY) VALUES ('Ruokolahti','South Karelia','Finland');
INSERT INTO CITIES (CITY, REGION, COUNTRY) VALUES ('Ruovesi','Pirkanmaa','Finland');
INSERT INTO CITIES (CITY, REGION, COUNTRY) VALUES ('Rusko','Southwest Finland','Finland');
INSERT INTO CITIES (CITY, REGION, COUNTRY) VALUES ('Rääkkylä','North Karelia','Finland');
INSERT INTO CITIES (CITY, REGION, COUNTRY) VALUES ('Saarijärvi','Central Finland','Finland');
INSERT INTO CITIES (CITY, REGION, COUNTRY) VALUES ('Salla','Lapland','Finland');
INSERT INTO CITIES (CITY, REGION, COUNTRY) VALUES ('Salo','Southwest Finland','Finland');
INSERT INTO CITIES (CITY, REGION, COUNTRY) VALUES ('Saltvik','Åland','Finland');
INSERT INTO CITIES (CITY, REGION, COUNTRY) VALUES ('Sastamala','Pirkanmaa','Finland');
INSERT INTO CITIES (CITY, REGION, COUNTRY) VALUES ('Sauvo','Southwest Finland','Finland');
INSERT INTO CITIES (CITY, REGION, COUNTRY) VALUES ('Savitaipale','South Karelia','Finland');
INSERT INTO CITIES (CITY, REGION, COUNTRY) VALUES ('Savonlinna','South Savo','Finland');
INSERT INTO CITIES (CITY, REGION, COUNTRY) VALUES ('Savukoski','Lapland','Finland');
INSERT INTO CITIES (CITY, REGION, COUNTRY) VALUES ('Seinäjoki','South Ostrobothnia','Finland');
INSERT INTO CITIES (CITY, REGION, COUNTRY) VALUES ('Sievi','North Ostrobothnia','Finland');
INSERT INTO CITIES (CITY, REGION, COUNTRY) VALUES ('Siikainen','Satakunta','Finland');
INSERT INTO CITIES (CITY, REGION, COUNTRY) VALUES ('Siikajoki','North Ostrobothnia','Finland');
INSERT INTO CITIES (CITY, REGION, COUNTRY) VALUES ('Siikalatva','North Ostrobothnia','Finland');
INSERT INTO CITIES (CITY, REGION, COUNTRY) VALUES ('Siilinjärvi','North Savo','Finland');
INSERT INTO CITIES (CITY, REGION, COUNTRY) VALUES ('Simo','Lapland','Finland');
INSERT INTO CITIES (CITY, REGION, COUNTRY) VALUES ('Sipoo','Uusimaa','Finland');
INSERT INTO CITIES (CITY, REGION, COUNTRY) VALUES ('Siuntio','Uusimaa','Finland');
INSERT INTO CITIES (CITY, REGION, COUNTRY) VALUES ('Sodankylä','Lapland','Finland');
INSERT INTO CITIES (CITY, REGION, COUNTRY) VALUES ('Soini','South Ostrobothnia','Finland');
INSERT INTO CITIES (CITY, REGION, COUNTRY) VALUES ('Somero','Southwest Finland','Finland');
INSERT INTO CITIES (CITY, REGION, COUNTRY) VALUES ('Sonkajärvi','North Savo','Finland');
INSERT INTO CITIES (CITY, REGION, COUNTRY) VALUES ('Sotkamo','Kainuu','Finland');
INSERT INTO CITIES (CITY, REGION, COUNTRY) VALUES ('Sottunga','Åland','Finland');
INSERT INTO CITIES (CITY, REGION, COUNTRY) VALUES ('Sulkava','South Savo','Finland');
INSERT INTO CITIES (CITY, REGION, COUNTRY) VALUES ('Sund','Åland','Finland');
INSERT INTO CITIES (CITY, REGION, COUNTRY) VALUES ('Suomussalmi','Kainuu','Finland');
INSERT INTO CITIES (CITY, REGION, COUNTRY) VALUES ('Suonenjoki','North Savo','Finland');
INSERT INTO CITIES (CITY, REGION, COUNTRY) VALUES ('Sysmä','Päijät-Häme','Finland');
INSERT INTO CITIES (CITY, REGION, COUNTRY) VALUES ('Säkylä','Satakunta','Finland');
INSERT INTO CITIES (CITY, REGION, COUNTRY) VALUES ('Taipalsaari','South Karelia','Finland');
INSERT INTO CITIES (CITY, REGION, COUNTRY) VALUES ('Taivalkoski','North Ostrobothnia','Finland');
INSERT INTO CITIES (CITY, REGION, COUNTRY) VALUES ('Taivassalo','Southwest Finland','Finland');
INSERT INTO CITIES (CITY, REGION, COUNTRY) VALUES ('Tammela','Kanta-Häme','Finland');
INSERT INTO CITIES (CITY, REGION, COUNTRY) VALUES ('Tampere','Pirkanmaa','Finland');
INSERT INTO CITIES (CITY, REGION, COUNTRY) VALUES ('Tervo','North Savo','Finland');
INSERT INTO CITIES (CITY, REGION, COUNTRY) VALUES ('Tervola','Lapland','Finland');
INSERT INTO CITIES (CITY, REGION, COUNTRY) VALUES ('Teuva','South Ostrobothnia','Finland');
INSERT INTO CITIES (CITY, REGION, COUNTRY) VALUES ('Tohmajärvi','North Karelia','Finland');
INSERT INTO CITIES (CITY, REGION, COUNTRY) VALUES ('Toholampi','Central Ostrobothnia','Finland');
INSERT INTO CITIES (CITY, REGION, COUNTRY) VALUES ('Toivakka','Central Finland','Finland');
INSERT INTO CITIES (CITY, REGION, COUNTRY) VALUES ('Tornio','Lapland','Finland');
INSERT INTO CITIES (CITY, REGION, COUNTRY) VALUES ('Turku','Southwest Finland','Finland');
INSERT INTO CITIES (CITY, REGION, COUNTRY) VALUES ('Tuusniemi','North Savo','Finland');
INSERT INTO CITIES (CITY, REGION, COUNTRY) VALUES ('Tuusula','Uusimaa','Finland');
INSERT INTO CITIES (CITY, REGION, COUNTRY) VALUES ('Tyrnävä','North Ostrobothnia','Finland');
INSERT INTO CITIES (CITY, REGION, COUNTRY) VALUES ('Ulvila','Satakunta','Finland');
INSERT INTO CITIES (CITY, REGION, COUNTRY) VALUES ('Urjala','Pirkanmaa','Finland');
INSERT INTO CITIES (CITY, REGION, COUNTRY) VALUES ('Utajärvi','North Ostrobothnia','Finland');
INSERT INTO CITIES (CITY, REGION, COUNTRY) VALUES ('Utsjoki','Lapland','Finland');
INSERT INTO CITIES (CITY, REGION, COUNTRY) VALUES ('Uurainen','Central Finland','Finland');
INSERT INTO CITIES (CITY, REGION, COUNTRY) VALUES ('Uusikaarlepyy','Ostrobothnia','Finland');
INSERT INTO CITIES (CITY, REGION, COUNTRY) VALUES ('Uusikaupunki','Southwest Finland','Finland');
INSERT INTO CITIES (CITY, REGION, COUNTRY) VALUES ('Vaala','North Ostrobothnia','Finland');
INSERT INTO CITIES (CITY, REGION, COUNTRY) VALUES ('Vaasa','Ostrobothnia','Finland');
INSERT INTO CITIES (CITY, REGION, COUNTRY) VALUES ('Valkeakoski','Pirkanmaa','Finland');
INSERT INTO CITIES (CITY, REGION, COUNTRY) VALUES ('Vantaa','Uusimaa','Finland');
INSERT INTO CITIES (CITY, REGION, COUNTRY) VALUES ('Varkaus','North Savo','Finland');
INSERT INTO CITIES (CITY, REGION, COUNTRY) VALUES ('Vehmaa','Southwest Finland','Finland');
INSERT INTO CITIES (CITY, REGION, COUNTRY) VALUES ('Vesanto','North Savo','Finland');
INSERT INTO CITIES (CITY, REGION, COUNTRY) VALUES ('Vesilahti','Pirkanmaa','Finland');
INSERT INTO CITIES (CITY, REGION, COUNTRY) VALUES ('Veteli','Central Ostrobothnia','Finland');
INSERT INTO CITIES (CITY, REGION, COUNTRY) VALUES ('Vieremä','North Savo','Finland');
INSERT INTO CITIES (CITY, REGION, COUNTRY) VALUES ('Vihti','Uusimaa','Finland');
INSERT INTO CITIES (CITY, REGION, COUNTRY) VALUES ('Viitasaari','Central Finland','Finland');
INSERT INTO CITIES (CITY, REGION, COUNTRY) VALUES ('Vimpeli','South Ostrobothnia','Finland');
INSERT INTO CITIES (CITY, REGION, COUNTRY) VALUES ('Virolahti','Kymenlaakso','Finland');
INSERT INTO CITIES (CITY, REGION, COUNTRY) VALUES ('Virrat','Pirkanmaa','Finland');
INSERT INTO CITIES (CITY, REGION, COUNTRY) VALUES ('Vårdö','Åland','Finland');
INSERT INTO CITIES (CITY, REGION, COUNTRY) VALUES ('Vöyri','Ostrobothnia','Finland');
INSERT INTO CITIES (CITY, REGION, COUNTRY) VALUES ('Ylitornio','Lapland','Finland');
INSERT INTO CITIES (CITY, REGION, COUNTRY) VALUES ('Ylivieska','North Ostrobothnia','Finland');
INSERT INTO CITIES (CITY, REGION, COUNTRY) VALUES ('Ylöjärvi','Pirkanmaa','Finland');
INSERT INTO CITIES (CITY, REGION, COUNTRY) VALUES ('Ypäjä','Kanta-Häme','Finland');
INSERT INTO CITIES (CITY, REGION, COUNTRY) VALUES ('Ähtäri','South Ostrobothnia','Finland');
INSERT INTO CITIES (CITY, REGION, COUNTRY) VALUES ('Äänekoski','Central Finland','Finland');
