delete from sports;
insert into sports (sport_id, sport_name, sport_type) values (1, "Running", "Endurance"),(2, "Cycling", "Endurance"),(3, "Powerlifting", "Strength"),(4, "Weightlifting", "Strength");


delete from exercises;

INSERT INTO EXERCISES (EXERCISE_ID, EXERCISE_NAME) VALUES (1,'Back squat');
INSERT INTO EXERCISES (EXERCISE_ID, EXERCISE_NAME) VALUES (2,'Bench press');
INSERT INTO EXERCISES (EXERCISE_ID, EXERCISE_NAME) VALUES (3,'Deadlift');
INSERT INTO EXERCISES (EXERCISE_ID, EXERCISE_NAME) VALUES (4,'Snatch');
INSERT INTO EXERCISES (EXERCISE_ID, EXERCISE_NAME) VALUES (5,'Clean and jerk');
INSERT INTO EXERCISES (EXERCISE_ID, EXERCISE_NAME) VALUES (6,'Snatch pull');
INSERT INTO EXERCISES (EXERCISE_ID, EXERCISE_NAME) VALUES (7,'Clean pull');
INSERT INTO EXERCISES (EXERCISE_ID, EXERCISE_NAME) VALUES (8,'Intervals');
INSERT INTO EXERCISES (EXERCISE_ID, EXERCISE_NAME) VALUES (9,'Tempo');
INSERT INTO EXERCISES (EXERCISE_ID, EXERCISE_NAME) VALUES (10,'Treshold');
INSERT INTO EXERCISES (EXERCISE_ID, EXERCISE_NAME) VALUES (11,'Long endurance');
INSERT INTO EXERCISES (EXERCISE_ID, EXERCISE_NAME) VALUES (12,'Sots press');
INSERT INTO EXERCISES (EXERCISE_ID, EXERCISE_NAME) VALUES (13,'Chin-up');
INSERT INTO EXERCISES (EXERCISE_ID, EXERCISE_NAME) VALUES (14,'Pull-up');
INSERT INTO EXERCISES (EXERCISE_ID, EXERCISE_NAME) VALUES (15,'Bulgarian split squat');
INSERT INTO EXERCISES (EXERCISE_ID, EXERCISE_NAME) VALUES (16,'Tall snatch');
INSERT INTO EXERCISES (EXERCISE_ID, EXERCISE_NAME) VALUES (17,'Tall clean');
INSERT INTO EXERCISES (EXERCISE_ID, EXERCISE_NAME) VALUES (18,'Tall jerk');
INSERT INTO EXERCISES (EXERCISE_ID, EXERCISE_NAME) VALUES (19,'Incline bench');
INSERT INTO EXERCISES (EXERCISE_ID, EXERCISE_NAME) VALUES (20,'Pendlay rows');
INSERT INTO EXERCISES (EXERCISE_ID, EXERCISE_NAME) VALUES (21,'Dumbbell rows');
INSERT INTO EXERCISES (EXERCISE_ID, EXERCISE_NAME) VALUES (22,'Dips');
INSERT INTO EXERCISES (EXERCISE_ID, EXERCISE_NAME) VALUES (23,'Back extensions');
INSERT INTO EXERCISES (EXERCISE_ID, EXERCISE_NAME) VALUES (24,'Ab roll');
INSERT INTO EXERCISES (EXERCISE_ID, EXERCISE_NAME) VALUES (25,'Snatch from knee');
INSERT INTO EXERCISES (EXERCISE_ID, EXERCISE_NAME) VALUES (26,'Clean and jerk from knee');
INSERT INTO EXERCISES (EXERCISE_ID, EXERCISE_NAME) VALUES (27,'Snatch from hip');
INSERT INTO EXERCISES (EXERCISE_ID, EXERCISE_NAME) VALUES (28,'Clean and jerk from hip');
INSERT INTO EXERCISES (EXERCISE_ID, EXERCISE_NAME) VALUES (29,'Front squat');


delete from exercise_purposes;

INSERT INTO EXERCISE_PURPOSES (PURPOSE_ID, PURPOSE_NAME) VALUES (1,'Warm-up');
INSERT INTO EXERCISE_PURPOSES (PURPOSE_ID, PURPOSE_NAME) VALUES (2,'Mobility');
INSERT INTO EXERCISE_PURPOSES (PURPOSE_ID, PURPOSE_NAME) VALUES (3,'Speed');
INSERT INTO EXERCISE_PURPOSES (PURPOSE_ID, PURPOSE_NAME) VALUES (4,'Technique');
INSERT INTO EXERCISE_PURPOSES (PURPOSE_ID, PURPOSE_NAME) VALUES (5,'Plyometrics');
INSERT INTO EXERCISE_PURPOSES (PURPOSE_ID, PURPOSE_NAME) VALUES (6,'Hypertrophy');
INSERT INTO EXERCISE_PURPOSES (PURPOSE_ID, PURPOSE_NAME) VALUES (7,'Accessories');
INSERT INTO EXERCISE_PURPOSES (PURPOSE_ID, PURPOSE_NAME) VALUES (8,'Max power');
INSERT INTO EXERCISE_PURPOSES (PURPOSE_ID, PURPOSE_NAME) VALUES (9,'Fundamental strength');
INSERT INTO EXERCISE_PURPOSES (PURPOSE_ID, PURPOSE_NAME) VALUES (10,'Endurance working set');
INSERT INTO EXERCISE_PURPOSES (PURPOSE_ID, PURPOSE_NAME) VALUES (11,'Core');


delete from exercises_and_purposes;


INSERT INTO EXERCISES_AND_PURPOSES (EXERCISE_ID, PURPOSE_ID) VALUES (1,1);
INSERT INTO EXERCISES_AND_PURPOSES (EXERCISE_ID, PURPOSE_ID) VALUES (1,2);
INSERT INTO EXERCISES_AND_PURPOSES (EXERCISE_ID, PURPOSE_ID) VALUES (1,3);
INSERT INTO EXERCISES_AND_PURPOSES (EXERCISE_ID, PURPOSE_ID) VALUES (1,4);
INSERT INTO EXERCISES_AND_PURPOSES (EXERCISE_ID, PURPOSE_ID) VALUES (1,6);
INSERT INTO EXERCISES_AND_PURPOSES (EXERCISE_ID, PURPOSE_ID) VALUES (1,8);
INSERT INTO EXERCISES_AND_PURPOSES (EXERCISE_ID, PURPOSE_ID) VALUES (1,9);
INSERT INTO EXERCISES_AND_PURPOSES (EXERCISE_ID, PURPOSE_ID) VALUES (29,1);
INSERT INTO EXERCISES_AND_PURPOSES (EXERCISE_ID, PURPOSE_ID) VALUES (29,2);
INSERT INTO EXERCISES_AND_PURPOSES (EXERCISE_ID, PURPOSE_ID) VALUES (29,3);
INSERT INTO EXERCISES_AND_PURPOSES (EXERCISE_ID, PURPOSE_ID) VALUES (29,4);
INSERT INTO EXERCISES_AND_PURPOSES (EXERCISE_ID, PURPOSE_ID) VALUES (29,6);
INSERT INTO EXERCISES_AND_PURPOSES (EXERCISE_ID, PURPOSE_ID) VALUES (29,8);
INSERT INTO EXERCISES_AND_PURPOSES (EXERCISE_ID, PURPOSE_ID) VALUES (29,9);
INSERT INTO EXERCISES_AND_PURPOSES (EXERCISE_ID, PURPOSE_ID) VALUES (2,1);
INSERT INTO EXERCISES_AND_PURPOSES (EXERCISE_ID, PURPOSE_ID) VALUES (2,3);
INSERT INTO EXERCISES_AND_PURPOSES (EXERCISE_ID, PURPOSE_ID) VALUES (2,6);
INSERT INTO EXERCISES_AND_PURPOSES (EXERCISE_ID, PURPOSE_ID) VALUES (2,9);
INSERT INTO EXERCISES_AND_PURPOSES (EXERCISE_ID, PURPOSE_ID) VALUES (2,8);
INSERT INTO EXERCISES_AND_PURPOSES (EXERCISE_ID, PURPOSE_ID) VALUES (3,1);
INSERT INTO EXERCISES_AND_PURPOSES (EXERCISE_ID, PURPOSE_ID) VALUES (3,3);
INSERT INTO EXERCISES_AND_PURPOSES (EXERCISE_ID, PURPOSE_ID) VALUES (3,6);
INSERT INTO EXERCISES_AND_PURPOSES (EXERCISE_ID, PURPOSE_ID) VALUES (3,9);
INSERT INTO EXERCISES_AND_PURPOSES (EXERCISE_ID, PURPOSE_ID) VALUES (3,8);
INSERT INTO EXERCISES_AND_PURPOSES (EXERCISE_ID, PURPOSE_ID) VALUES (4,1);
INSERT INTO EXERCISES_AND_PURPOSES (EXERCISE_ID, PURPOSE_ID) VALUES (4,3);
INSERT INTO EXERCISES_AND_PURPOSES (EXERCISE_ID, PURPOSE_ID) VALUES (4,9);
INSERT INTO EXERCISES_AND_PURPOSES (EXERCISE_ID, PURPOSE_ID) VALUES (4,8);
INSERT INTO EXERCISES_AND_PURPOSES (EXERCISE_ID, PURPOSE_ID) VALUES (5,1);
INSERT INTO EXERCISES_AND_PURPOSES (EXERCISE_ID, PURPOSE_ID) VALUES (5,3);
INSERT INTO EXERCISES_AND_PURPOSES (EXERCISE_ID, PURPOSE_ID) VALUES (5,9);
INSERT INTO EXERCISES_AND_PURPOSES (EXERCISE_ID, PURPOSE_ID) VALUES (5,8);
INSERT INTO EXERCISES_AND_PURPOSES (EXERCISE_ID, PURPOSE_ID) VALUES (6,4);
INSERT INTO EXERCISES_AND_PURPOSES (EXERCISE_ID, PURPOSE_ID) VALUES (6,3);
INSERT INTO EXERCISES_AND_PURPOSES (EXERCISE_ID, PURPOSE_ID) VALUES (6,9);
INSERT INTO EXERCISES_AND_PURPOSES (EXERCISE_ID, PURPOSE_ID) VALUES (7,4);
INSERT INTO EXERCISES_AND_PURPOSES (EXERCISE_ID, PURPOSE_ID) VALUES (7,3);
INSERT INTO EXERCISES_AND_PURPOSES (EXERCISE_ID, PURPOSE_ID) VALUES (7,9);
INSERT INTO EXERCISES_AND_PURPOSES (EXERCISE_ID, PURPOSE_ID) VALUES (8,1);
INSERT INTO EXERCISES_AND_PURPOSES (EXERCISE_ID, PURPOSE_ID) VALUES (8,10);
INSERT INTO EXERCISES_AND_PURPOSES (EXERCISE_ID, PURPOSE_ID) VALUES (9,1);
INSERT INTO EXERCISES_AND_PURPOSES (EXERCISE_ID, PURPOSE_ID) VALUES (9,10);
INSERT INTO EXERCISES_AND_PURPOSES (EXERCISE_ID, PURPOSE_ID) VALUES (10,1);
INSERT INTO EXERCISES_AND_PURPOSES (EXERCISE_ID, PURPOSE_ID) VALUES (10,10);
INSERT INTO EXERCISES_AND_PURPOSES (EXERCISE_ID, PURPOSE_ID) VALUES (11,1);
INSERT INTO EXERCISES_AND_PURPOSES (EXERCISE_ID, PURPOSE_ID) VALUES (11,10);
INSERT INTO EXERCISES_AND_PURPOSES (EXERCISE_ID, PURPOSE_ID) VALUES (12,2);
INSERT INTO EXERCISES_AND_PURPOSES (EXERCISE_ID, PURPOSE_ID) VALUES (12,4);
INSERT INTO EXERCISES_AND_PURPOSES (EXERCISE_ID, PURPOSE_ID) VALUES (13,1);
INSERT INTO EXERCISES_AND_PURPOSES (EXERCISE_ID, PURPOSE_ID) VALUES (13,9);
INSERT INTO EXERCISES_AND_PURPOSES (EXERCISE_ID, PURPOSE_ID) VALUES (13,8);
INSERT INTO EXERCISES_AND_PURPOSES (EXERCISE_ID, PURPOSE_ID) VALUES (14,1);
INSERT INTO EXERCISES_AND_PURPOSES (EXERCISE_ID, PURPOSE_ID) VALUES (14,9);
INSERT INTO EXERCISES_AND_PURPOSES (EXERCISE_ID, PURPOSE_ID) VALUES (14,8);
INSERT INTO EXERCISES_AND_PURPOSES (EXERCISE_ID, PURPOSE_ID) VALUES (15,1);
INSERT INTO EXERCISES_AND_PURPOSES (EXERCISE_ID, PURPOSE_ID) VALUES (15,9);
INSERT INTO EXERCISES_AND_PURPOSES (EXERCISE_ID, PURPOSE_ID) VALUES (15,7);
INSERT INTO EXERCISES_AND_PURPOSES (EXERCISE_ID, PURPOSE_ID) VALUES (16,3);
INSERT INTO EXERCISES_AND_PURPOSES (EXERCISE_ID, PURPOSE_ID) VALUES (16,4);
INSERT INTO EXERCISES_AND_PURPOSES (EXERCISE_ID, PURPOSE_ID) VALUES (17,3);
INSERT INTO EXERCISES_AND_PURPOSES (EXERCISE_ID, PURPOSE_ID) VALUES (17,4);
INSERT INTO EXERCISES_AND_PURPOSES (EXERCISE_ID, PURPOSE_ID) VALUES (18,3);
INSERT INTO EXERCISES_AND_PURPOSES (EXERCISE_ID, PURPOSE_ID) VALUES (18,4);
INSERT INTO EXERCISES_AND_PURPOSES (EXERCISE_ID, PURPOSE_ID) VALUES (19,1);
INSERT INTO EXERCISES_AND_PURPOSES (EXERCISE_ID, PURPOSE_ID) VALUES (19,9);
INSERT INTO EXERCISES_AND_PURPOSES (EXERCISE_ID, PURPOSE_ID) VALUES (19,3);
INSERT INTO EXERCISES_AND_PURPOSES (EXERCISE_ID, PURPOSE_ID) VALUES (20,1);
INSERT INTO EXERCISES_AND_PURPOSES (EXERCISE_ID, PURPOSE_ID) VALUES (20,9);
INSERT INTO EXERCISES_AND_PURPOSES (EXERCISE_ID, PURPOSE_ID) VALUES (20,3);
INSERT INTO EXERCISES_AND_PURPOSES (EXERCISE_ID, PURPOSE_ID) VALUES (21,1);
INSERT INTO EXERCISES_AND_PURPOSES (EXERCISE_ID, PURPOSE_ID) VALUES (21,9);
INSERT INTO EXERCISES_AND_PURPOSES (EXERCISE_ID, PURPOSE_ID) VALUES (22,1);
INSERT INTO EXERCISES_AND_PURPOSES (EXERCISE_ID, PURPOSE_ID) VALUES (22,9);
INSERT INTO EXERCISES_AND_PURPOSES (EXERCISE_ID, PURPOSE_ID) VALUES (23,11);
INSERT INTO EXERCISES_AND_PURPOSES (EXERCISE_ID, PURPOSE_ID) VALUES (24,11);
INSERT INTO EXERCISES_AND_PURPOSES (EXERCISE_ID, PURPOSE_ID) VALUES (25,1);
INSERT INTO EXERCISES_AND_PURPOSES (EXERCISE_ID, PURPOSE_ID) VALUES (25,3);
INSERT INTO EXERCISES_AND_PURPOSES (EXERCISE_ID, PURPOSE_ID) VALUES (25,9);
INSERT INTO EXERCISES_AND_PURPOSES (EXERCISE_ID, PURPOSE_ID) VALUES (25,8);
INSERT INTO EXERCISES_AND_PURPOSES (EXERCISE_ID, PURPOSE_ID) VALUES (26,1);
INSERT INTO EXERCISES_AND_PURPOSES (EXERCISE_ID, PURPOSE_ID) VALUES (26,3);
INSERT INTO EXERCISES_AND_PURPOSES (EXERCISE_ID, PURPOSE_ID) VALUES (26,9);
INSERT INTO EXERCISES_AND_PURPOSES (EXERCISE_ID, PURPOSE_ID) VALUES (26,8);
INSERT INTO EXERCISES_AND_PURPOSES (EXERCISE_ID, PURPOSE_ID) VALUES (27,1);
INSERT INTO EXERCISES_AND_PURPOSES (EXERCISE_ID, PURPOSE_ID) VALUES (27,3);
INSERT INTO EXERCISES_AND_PURPOSES (EXERCISE_ID, PURPOSE_ID) VALUES (27,9);
INSERT INTO EXERCISES_AND_PURPOSES (EXERCISE_ID, PURPOSE_ID) VALUES (27,8);
INSERT INTO EXERCISES_AND_PURPOSES (EXERCISE_ID, PURPOSE_ID) VALUES (28,1);
INSERT INTO EXERCISES_AND_PURPOSES (EXERCISE_ID, PURPOSE_ID) VALUES (28,3);
INSERT INTO EXERCISES_AND_PURPOSES (EXERCISE_ID, PURPOSE_ID) VALUES (28,9);
INSERT INTO EXERCISES_AND_PURPOSES (EXERCISE_ID, PURPOSE_ID) VALUES (28,8);



delete from exercises_and_sports;

INSERT INTO EXERCISES_AND_SPORTS (EXERCISE_ID, SPORT_ID) VALUES (1,4);
INSERT INTO EXERCISES_AND_SPORTS (EXERCISE_ID, SPORT_ID) VALUES (1,3);
INSERT INTO EXERCISES_AND_SPORTS (EXERCISE_ID, SPORT_ID) VALUES (2,3);
INSERT INTO EXERCISES_AND_SPORTS (EXERCISE_ID, SPORT_ID) VALUES (3,3);
INSERT INTO EXERCISES_AND_SPORTS (EXERCISE_ID, SPORT_ID) VALUES (29,4);
INSERT INTO EXERCISES_AND_SPORTS (EXERCISE_ID, SPORT_ID) VALUES (29,3);
INSERT INTO EXERCISES_AND_SPORTS (EXERCISE_ID, SPORT_ID) VALUES (4,4);
INSERT INTO EXERCISES_AND_SPORTS (EXERCISE_ID, SPORT_ID) VALUES (5,4);
INSERT INTO EXERCISES_AND_SPORTS (EXERCISE_ID, SPORT_ID) VALUES (6,4);
INSERT INTO EXERCISES_AND_SPORTS (EXERCISE_ID, SPORT_ID) VALUES (7,4);
INSERT INTO EXERCISES_AND_SPORTS (EXERCISE_ID, SPORT_ID) VALUES (8,1);
INSERT INTO EXERCISES_AND_SPORTS (EXERCISE_ID, SPORT_ID) VALUES (8,2);
INSERT INTO EXERCISES_AND_SPORTS (EXERCISE_ID, SPORT_ID) VALUES (9,1);
INSERT INTO EXERCISES_AND_SPORTS (EXERCISE_ID, SPORT_ID) VALUES (9,2);
INSERT INTO EXERCISES_AND_SPORTS (EXERCISE_ID, SPORT_ID) VALUES (10,1);
INSERT INTO EXERCISES_AND_SPORTS (EXERCISE_ID, SPORT_ID) VALUES (10,2);
INSERT INTO EXERCISES_AND_SPORTS (EXERCISE_ID, SPORT_ID) VALUES (11,1);
INSERT INTO EXERCISES_AND_SPORTS (EXERCISE_ID, SPORT_ID) VALUES (11,2);
INSERT INTO EXERCISES_AND_SPORTS (EXERCISE_ID, SPORT_ID) VALUES (12,4);
INSERT INTO EXERCISES_AND_SPORTS (EXERCISE_ID, SPORT_ID) VALUES (13,4);
INSERT INTO EXERCISES_AND_SPORTS (EXERCISE_ID, SPORT_ID) VALUES (13,3);
INSERT INTO EXERCISES_AND_SPORTS (EXERCISE_ID, SPORT_ID) VALUES (14,4);
INSERT INTO EXERCISES_AND_SPORTS (EXERCISE_ID, SPORT_ID) VALUES (14,3);
INSERT INTO EXERCISES_AND_SPORTS (EXERCISE_ID, SPORT_ID) VALUES (15,4);
INSERT INTO EXERCISES_AND_SPORTS (EXERCISE_ID, SPORT_ID) VALUES (15,3);
INSERT INTO EXERCISES_AND_SPORTS (EXERCISE_ID, SPORT_ID) VALUES (16,4);
INSERT INTO EXERCISES_AND_SPORTS (EXERCISE_ID, SPORT_ID) VALUES (17,4);
INSERT INTO EXERCISES_AND_SPORTS (EXERCISE_ID, SPORT_ID) VALUES (18,4);
INSERT INTO EXERCISES_AND_SPORTS (EXERCISE_ID, SPORT_ID) VALUES (19,3);
INSERT INTO EXERCISES_AND_SPORTS (EXERCISE_ID, SPORT_ID) VALUES (20,4);
INSERT INTO EXERCISES_AND_SPORTS (EXERCISE_ID, SPORT_ID) VALUES (20,3);
INSERT INTO EXERCISES_AND_SPORTS (EXERCISE_ID, SPORT_ID) VALUES (21,4);
INSERT INTO EXERCISES_AND_SPORTS (EXERCISE_ID, SPORT_ID) VALUES (21,3);
INSERT INTO EXERCISES_AND_SPORTS (EXERCISE_ID, SPORT_ID) VALUES (22,4);
INSERT INTO EXERCISES_AND_SPORTS (EXERCISE_ID, SPORT_ID) VALUES (22,3);
INSERT INTO EXERCISES_AND_SPORTS (EXERCISE_ID, SPORT_ID) VALUES (23,4);
INSERT INTO EXERCISES_AND_SPORTS (EXERCISE_ID, SPORT_ID) VALUES (23,3);
INSERT INTO EXERCISES_AND_SPORTS (EXERCISE_ID, SPORT_ID) VALUES (24,4);
INSERT INTO EXERCISES_AND_SPORTS (EXERCISE_ID, SPORT_ID) VALUES (24,3);
INSERT INTO EXERCISES_AND_SPORTS (EXERCISE_ID, SPORT_ID) VALUES (25,4);
INSERT INTO EXERCISES_AND_SPORTS (EXERCISE_ID, SPORT_ID) VALUES (26,4);
INSERT INTO EXERCISES_AND_SPORTS (EXERCISE_ID, SPORT_ID) VALUES (27,4);
INSERT INTO EXERCISES_AND_SPORTS (EXERCISE_ID, SPORT_ID) VALUES (28,4);

delete from cities;

INSERT INTO CITIES (CITY, REGION, COUNTRY) VALUES ('Akaa','Pirkanmaa','Finland');
INSERT INTO CITIES (CITY, REGION, COUNTRY) VALUES ('Alajärvi','Etelä-Pohjanmaa','Finland');
INSERT INTO CITIES (CITY, REGION, COUNTRY) VALUES ('Alavieska','Pohjois-Pohjanmaa','Finland');
INSERT INTO CITIES (CITY, REGION, COUNTRY) VALUES ('Alavus','Etelä-Pohjanmaa','Finland');
INSERT INTO CITIES (CITY, REGION, COUNTRY) VALUES ('Asikkala','Päijät-Häme','Finland');
INSERT INTO CITIES (CITY, REGION, COUNTRY) VALUES ('Askola','Uusimaa','Finland');
INSERT INTO CITIES (CITY, REGION, COUNTRY) VALUES ('Aura','Varsinais-Finland','Finland');
INSERT INTO CITIES (CITY, REGION, COUNTRY) VALUES ('Brändö','Ahvenanmaa','Finland');
INSERT INTO CITIES (CITY, REGION, COUNTRY) VALUES ('Eckerö','Ahvenanmaa','Finland');
INSERT INTO CITIES (CITY, REGION, COUNTRY) VALUES ('Enonkoski','Etelä-Savo','Finland');
INSERT INTO CITIES (CITY, REGION, COUNTRY) VALUES ('Enontekiö','Lappi','Finland');
INSERT INTO CITIES (CITY, REGION, COUNTRY) VALUES ('Espoo','Uusimaa','Finland');
INSERT INTO CITIES (CITY, REGION, COUNTRY) VALUES ('Eura','Satakunta','Finland');
INSERT INTO CITIES (CITY, REGION, COUNTRY) VALUES ('Eurajoki','Satakunta','Finland');
INSERT INTO CITIES (CITY, REGION, COUNTRY) VALUES ('Evijärvi','Etelä-Pohjanmaa','Finland');
INSERT INTO CITIES (CITY, REGION, COUNTRY) VALUES ('Finström','Ahvenanmaa','Finland');
INSERT INTO CITIES (CITY, REGION, COUNTRY) VALUES ('Forssa','Kanta-Häme','Finland');
INSERT INTO CITIES (CITY, REGION, COUNTRY) VALUES ('Föglö','Ahvenanmaa','Finland');
INSERT INTO CITIES (CITY, REGION, COUNTRY) VALUES ('Geta','Ahvenanmaa','Finland');
INSERT INTO CITIES (CITY, REGION, COUNTRY) VALUES ('Haapajärvi','Pohjois-Pohjanmaa','Finland');
INSERT INTO CITIES (CITY, REGION, COUNTRY) VALUES ('Haapavesi','Pohjois-Pohjanmaa','Finland');
INSERT INTO CITIES (CITY, REGION, COUNTRY) VALUES ('Hailuoto','Pohjois-Pohjanmaa','Finland');
INSERT INTO CITIES (CITY, REGION, COUNTRY) VALUES ('Halsua','Keski-Pohjanmaa','Finland');
INSERT INTO CITIES (CITY, REGION, COUNTRY) VALUES ('Hamina','Kymenlaakso','Finland');
INSERT INTO CITIES (CITY, REGION, COUNTRY) VALUES ('Hammarland','Ahvenanmaa','Finland');
INSERT INTO CITIES (CITY, REGION, COUNTRY) VALUES ('Hankasalmi','Keski-Finland','Finland');
INSERT INTO CITIES (CITY, REGION, COUNTRY) VALUES ('Hanko','Uusimaa','Finland');
INSERT INTO CITIES (CITY, REGION, COUNTRY) VALUES ('Harjavalta','Satakunta','Finland');
INSERT INTO CITIES (CITY, REGION, COUNTRY) VALUES ('Hartola','Päijät-Häme','Finland');
INSERT INTO CITIES (CITY, REGION, COUNTRY) VALUES ('Hattula','Kanta-Häme','Finland');
INSERT INTO CITIES (CITY, REGION, COUNTRY) VALUES ('Hausjärvi','Kanta-Häme','Finland');
INSERT INTO CITIES (CITY, REGION, COUNTRY) VALUES ('Heinola','Päijät-Häme','Finland');
INSERT INTO CITIES (CITY, REGION, COUNTRY) VALUES ('Heinävesi','Pohjois-Karjala','Finland');
INSERT INTO CITIES (CITY, REGION, COUNTRY) VALUES ('Helsinki','Uusimaa','Finland');
INSERT INTO CITIES (CITY, REGION, COUNTRY) VALUES ('Hirvensalmi','Etelä-Savo','Finland');
INSERT INTO CITIES (CITY, REGION, COUNTRY) VALUES ('Hollola','Päijät-Häme','Finland');
INSERT INTO CITIES (CITY, REGION, COUNTRY) VALUES ('Huittinen','Satakunta','Finland');
INSERT INTO CITIES (CITY, REGION, COUNTRY) VALUES ('Humppila','Kanta-Häme','Finland');
INSERT INTO CITIES (CITY, REGION, COUNTRY) VALUES ('Hyrynsalmi','Kainuu','Finland');
INSERT INTO CITIES (CITY, REGION, COUNTRY) VALUES ('Hyvinkää','Uusimaa','Finland');
INSERT INTO CITIES (CITY, REGION, COUNTRY) VALUES ('Hämeenkyrö','Pirkanmaa','Finland');
INSERT INTO CITIES (CITY, REGION, COUNTRY) VALUES ('Hämeenlinna','Kanta-Häme','Finland');
INSERT INTO CITIES (CITY, REGION, COUNTRY) VALUES ('Ii','Pohjois-Pohjanmaa','Finland');
INSERT INTO CITIES (CITY, REGION, COUNTRY) VALUES ('Iisalmi','Pohjois-Savo','Finland');
INSERT INTO CITIES (CITY, REGION, COUNTRY) VALUES ('Iitti','Päijät-Häme','Finland');
INSERT INTO CITIES (CITY, REGION, COUNTRY) VALUES ('Ikaalinen','Pirkanmaa','Finland');
INSERT INTO CITIES (CITY, REGION, COUNTRY) VALUES ('Ilmajoki','Etelä-Pohjanmaa','Finland');
INSERT INTO CITIES (CITY, REGION, COUNTRY) VALUES ('Ilomantsi','Pohjois-Karjala','Finland');
INSERT INTO CITIES (CITY, REGION, COUNTRY) VALUES ('Imatra','Etelä-Karjala','Finland');
INSERT INTO CITIES (CITY, REGION, COUNTRY) VALUES ('Inari','Lappi','Finland');
INSERT INTO CITIES (CITY, REGION, COUNTRY) VALUES ('Inkoo','Uusimaa','Finland');
INSERT INTO CITIES (CITY, REGION, COUNTRY) VALUES ('Isojoki','Etelä-Pohjanmaa','Finland');
INSERT INTO CITIES (CITY, REGION, COUNTRY) VALUES ('Isokyrö','Etelä-Pohjanmaa','Finland');
INSERT INTO CITIES (CITY, REGION, COUNTRY) VALUES ('Janakkala','Kanta-Häme','Finland');
INSERT INTO CITIES (CITY, REGION, COUNTRY) VALUES ('Joensuu','Pohjois-Karjala','Finland');
INSERT INTO CITIES (CITY, REGION, COUNTRY) VALUES ('Jokioinen','Kanta-Häme','Finland');
INSERT INTO CITIES (CITY, REGION, COUNTRY) VALUES ('Jomala','Ahvenanmaa','Finland');
INSERT INTO CITIES (CITY, REGION, COUNTRY) VALUES ('Joroinen','Pohjois-Savo','Finland');
INSERT INTO CITIES (CITY, REGION, COUNTRY) VALUES ('Joutsa','Keski-Finland','Finland');
INSERT INTO CITIES (CITY, REGION, COUNTRY) VALUES ('Juuka','Pohjois-Karjala','Finland');
INSERT INTO CITIES (CITY, REGION, COUNTRY) VALUES ('Juupajoki','Pirkanmaa','Finland');
INSERT INTO CITIES (CITY, REGION, COUNTRY) VALUES ('Juva','Etelä-Savo','Finland');
INSERT INTO CITIES (CITY, REGION, COUNTRY) VALUES ('Jyväskylä','Keski-Finland','Finland');
INSERT INTO CITIES (CITY, REGION, COUNTRY) VALUES ('Jämijärvi','Satakunta','Finland');
INSERT INTO CITIES (CITY, REGION, COUNTRY) VALUES ('Jämsä','Keski-Finland','Finland');
INSERT INTO CITIES (CITY, REGION, COUNTRY) VALUES ('Järvenpää','Uusimaa','Finland');
INSERT INTO CITIES (CITY, REGION, COUNTRY) VALUES ('Kaarina','Varsinais-Finland','Finland');
INSERT INTO CITIES (CITY, REGION, COUNTRY) VALUES ('Kaavi','Pohjois-Savo','Finland');
INSERT INTO CITIES (CITY, REGION, COUNTRY) VALUES ('Kajaani','Kainuu','Finland');
INSERT INTO CITIES (CITY, REGION, COUNTRY) VALUES ('Kalajoki','Pohjois-Pohjanmaa','Finland');
INSERT INTO CITIES (CITY, REGION, COUNTRY) VALUES ('Kangasala','Pirkanmaa','Finland');
INSERT INTO CITIES (CITY, REGION, COUNTRY) VALUES ('Kangasniemi','Etelä-Savo','Finland');
INSERT INTO CITIES (CITY, REGION, COUNTRY) VALUES ('Kankaanpää','Satakunta','Finland');
INSERT INTO CITIES (CITY, REGION, COUNTRY) VALUES ('Kannonkoski','Keski-Finland','Finland');
INSERT INTO CITIES (CITY, REGION, COUNTRY) VALUES ('Kannus','Keski-Pohjanmaa','Finland');
INSERT INTO CITIES (CITY, REGION, COUNTRY) VALUES ('Karijoki','Etelä-Pohjanmaa','Finland');
INSERT INTO CITIES (CITY, REGION, COUNTRY) VALUES ('Karkkila','Uusimaa','Finland');
INSERT INTO CITIES (CITY, REGION, COUNTRY) VALUES ('Karstula','Keski-Finland','Finland');
INSERT INTO CITIES (CITY, REGION, COUNTRY) VALUES ('Karvia','Satakunta','Finland');
INSERT INTO CITIES (CITY, REGION, COUNTRY) VALUES ('Kaskinen','Pohjanmaa','Finland');
INSERT INTO CITIES (CITY, REGION, COUNTRY) VALUES ('Kauhajoki','Etelä-Pohjanmaa','Finland');
INSERT INTO CITIES (CITY, REGION, COUNTRY) VALUES ('Kauhava','Etelä-Pohjanmaa','Finland');
INSERT INTO CITIES (CITY, REGION, COUNTRY) VALUES ('Kauniainen','Uusimaa','Finland');
INSERT INTO CITIES (CITY, REGION, COUNTRY) VALUES ('Kaustinen','Keski-Pohjanmaa','Finland');
INSERT INTO CITIES (CITY, REGION, COUNTRY) VALUES ('Keitele','Pohjois-Savo','Finland');
INSERT INTO CITIES (CITY, REGION, COUNTRY) VALUES ('Kemi','Lappi','Finland');
INSERT INTO CITIES (CITY, REGION, COUNTRY) VALUES ('Kemijärvi','Lappi','Finland');
INSERT INTO CITIES (CITY, REGION, COUNTRY) VALUES ('Keminmaa','Lappi','Finland');
INSERT INTO CITIES (CITY, REGION, COUNTRY) VALUES ('Kemiönsaari','Varsinais-Finland','Finland');
INSERT INTO CITIES (CITY, REGION, COUNTRY) VALUES ('Kempele','Pohjois-Pohjanmaa','Finland');
INSERT INTO CITIES (CITY, REGION, COUNTRY) VALUES ('Kerava','Uusimaa','Finland');
INSERT INTO CITIES (CITY, REGION, COUNTRY) VALUES ('Keuruu','Keski-Finland','Finland');
INSERT INTO CITIES (CITY, REGION, COUNTRY) VALUES ('Kihniö','Pirkanmaa','Finland');
INSERT INTO CITIES (CITY, REGION, COUNTRY) VALUES ('Kinnula','Keski-Finland','Finland');
INSERT INTO CITIES (CITY, REGION, COUNTRY) VALUES ('Kirkkonummi','Uusimaa','Finland');
INSERT INTO CITIES (CITY, REGION, COUNTRY) VALUES ('Kitee','Pohjois-Karjala','Finland');
INSERT INTO CITIES (CITY, REGION, COUNTRY) VALUES ('Kittilä','Lappi','Finland');
INSERT INTO CITIES (CITY, REGION, COUNTRY) VALUES ('Kiuruvesi','Pohjois-Savo','Finland');
INSERT INTO CITIES (CITY, REGION, COUNTRY) VALUES ('Kivijärvi','Keski-Finland','Finland');
INSERT INTO CITIES (CITY, REGION, COUNTRY) VALUES ('Kokemäki','Satakunta','Finland');
INSERT INTO CITIES (CITY, REGION, COUNTRY) VALUES ('Kokkola','Keski-Pohjanmaa','Finland');
INSERT INTO CITIES (CITY, REGION, COUNTRY) VALUES ('Kolari','Lappi','Finland');
INSERT INTO CITIES (CITY, REGION, COUNTRY) VALUES ('Konnevesi','Keski-Finland','Finland');
INSERT INTO CITIES (CITY, REGION, COUNTRY) VALUES ('Kontiolahti','Pohjois-Karjala','Finland');
INSERT INTO CITIES (CITY, REGION, COUNTRY) VALUES ('Korsnäs','Pohjanmaa','Finland');
INSERT INTO CITIES (CITY, REGION, COUNTRY) VALUES ('Koski Tl','Varsinais-Finland','Finland');
INSERT INTO CITIES (CITY, REGION, COUNTRY) VALUES ('Kotka','Kymenlaakso','Finland');
INSERT INTO CITIES (CITY, REGION, COUNTRY) VALUES ('Kouvola','Kymenlaakso','Finland');
INSERT INTO CITIES (CITY, REGION, COUNTRY) VALUES ('Kristiinankaupunki','Pohjanmaa','Finland');
INSERT INTO CITIES (CITY, REGION, COUNTRY) VALUES ('Kruunupyy','Pohjanmaa','Finland');
INSERT INTO CITIES (CITY, REGION, COUNTRY) VALUES ('Kuhmo','Kainuu','Finland');
INSERT INTO CITIES (CITY, REGION, COUNTRY) VALUES ('Kuhmoinen','Pirkanmaa','Finland');
INSERT INTO CITIES (CITY, REGION, COUNTRY) VALUES ('Kumlinge','Ahvenanmaa','Finland');
INSERT INTO CITIES (CITY, REGION, COUNTRY) VALUES ('Kuopio','Pohjois-Savo','Finland');
INSERT INTO CITIES (CITY, REGION, COUNTRY) VALUES ('Kuortane','Etelä-Pohjanmaa','Finland');
INSERT INTO CITIES (CITY, REGION, COUNTRY) VALUES ('Kurikka','Etelä-Pohjanmaa','Finland');
INSERT INTO CITIES (CITY, REGION, COUNTRY) VALUES ('Kustavi','Varsinais-Finland','Finland');
INSERT INTO CITIES (CITY, REGION, COUNTRY) VALUES ('Kuusamo','Pohjois-Pohjanmaa','Finland');
INSERT INTO CITIES (CITY, REGION, COUNTRY) VALUES ('Kyyjärvi','Keski-Finland','Finland');
INSERT INTO CITIES (CITY, REGION, COUNTRY) VALUES ('Kärkölä','Päijät-Häme','Finland');
INSERT INTO CITIES (CITY, REGION, COUNTRY) VALUES ('Kärsämäki','Pohjois-Pohjanmaa','Finland');
INSERT INTO CITIES (CITY, REGION, COUNTRY) VALUES ('Kökar','Ahvenanmaa','Finland');
INSERT INTO CITIES (CITY, REGION, COUNTRY) VALUES ('Lahti','Päijät-Häme','Finland');
INSERT INTO CITIES (CITY, REGION, COUNTRY) VALUES ('Laihia','Pohjanmaa','Finland');
INSERT INTO CITIES (CITY, REGION, COUNTRY) VALUES ('Laitila','Varsinais-Finland','Finland');
INSERT INTO CITIES (CITY, REGION, COUNTRY) VALUES ('Lapinjärvi','Uusimaa','Finland');
INSERT INTO CITIES (CITY, REGION, COUNTRY) VALUES ('Lapinlahti','Pohjois-Savo','Finland');
INSERT INTO CITIES (CITY, REGION, COUNTRY) VALUES ('Lappajärvi','Etelä-Pohjanmaa','Finland');
INSERT INTO CITIES (CITY, REGION, COUNTRY) VALUES ('Lappeenranta','Etelä-Karjala','Finland');
INSERT INTO CITIES (CITY, REGION, COUNTRY) VALUES ('Lapua','Etelä-Pohjanmaa','Finland');
INSERT INTO CITIES (CITY, REGION, COUNTRY) VALUES ('Laukaa','Keski-Finland','Finland');
INSERT INTO CITIES (CITY, REGION, COUNTRY) VALUES ('Lemi','Etelä-Karjala','Finland');
INSERT INTO CITIES (CITY, REGION, COUNTRY) VALUES ('Lemland','Ahvenanmaa','Finland');
INSERT INTO CITIES (CITY, REGION, COUNTRY) VALUES ('Lempäälä','Pirkanmaa','Finland');
INSERT INTO CITIES (CITY, REGION, COUNTRY) VALUES ('Leppävirta','Pohjois-Savo','Finland');
INSERT INTO CITIES (CITY, REGION, COUNTRY) VALUES ('Lestijärvi','Keski-Pohjanmaa','Finland');
INSERT INTO CITIES (CITY, REGION, COUNTRY) VALUES ('Lieksa','Pohjois-Karjala','Finland');
INSERT INTO CITIES (CITY, REGION, COUNTRY) VALUES ('Lieto','Varsinais-Finland','Finland');
INSERT INTO CITIES (CITY, REGION, COUNTRY) VALUES ('Liminka','Pohjois-Pohjanmaa','Finland');
INSERT INTO CITIES (CITY, REGION, COUNTRY) VALUES ('Liperi','Pohjois-Karjala','Finland');
INSERT INTO CITIES (CITY, REGION, COUNTRY) VALUES ('Lohja','Uusimaa','Finland');
INSERT INTO CITIES (CITY, REGION, COUNTRY) VALUES ('Loimaa','Varsinais-Finland','Finland');
INSERT INTO CITIES (CITY, REGION, COUNTRY) VALUES ('Loppi','Kanta-Häme','Finland');
INSERT INTO CITIES (CITY, REGION, COUNTRY) VALUES ('Loviisa','Uusimaa','Finland');
INSERT INTO CITIES (CITY, REGION, COUNTRY) VALUES ('Luhanka','Keski-Finland','Finland');
INSERT INTO CITIES (CITY, REGION, COUNTRY) VALUES ('Lumijoki','Pohjois-Pohjanmaa','Finland');
INSERT INTO CITIES (CITY, REGION, COUNTRY) VALUES ('Lumparland','Ahvenanmaa','Finland');
INSERT INTO CITIES (CITY, REGION, COUNTRY) VALUES ('Luoto','Pohjanmaa','Finland');
INSERT INTO CITIES (CITY, REGION, COUNTRY) VALUES ('Luumäki','Etelä-Karjala','Finland');
INSERT INTO CITIES (CITY, REGION, COUNTRY) VALUES ('Maalahti','Pohjanmaa','Finland');
INSERT INTO CITIES (CITY, REGION, COUNTRY) VALUES ('Maarianhamina','Ahvenanmaa','Finland');
INSERT INTO CITIES (CITY, REGION, COUNTRY) VALUES ('Marttila','Varsinais-Finland','Finland');
INSERT INTO CITIES (CITY, REGION, COUNTRY) VALUES ('Masku','Varsinais-Finland','Finland');
INSERT INTO CITIES (CITY, REGION, COUNTRY) VALUES ('Merijärvi','Pohjois-Pohjanmaa','Finland');
INSERT INTO CITIES (CITY, REGION, COUNTRY) VALUES ('Merikarvia','Satakunta','Finland');
INSERT INTO CITIES (CITY, REGION, COUNTRY) VALUES ('Miehikkälä','Kymenlaakso','Finland');
INSERT INTO CITIES (CITY, REGION, COUNTRY) VALUES ('Mikkeli','Etelä-Savo','Finland');
INSERT INTO CITIES (CITY, REGION, COUNTRY) VALUES ('Muhos','Pohjois-Pohjanmaa','Finland');
INSERT INTO CITIES (CITY, REGION, COUNTRY) VALUES ('Multia','Keski-Finland','Finland');
INSERT INTO CITIES (CITY, REGION, COUNTRY) VALUES ('Muonio','Lappi','Finland');
INSERT INTO CITIES (CITY, REGION, COUNTRY) VALUES ('Mustasaari','Pohjanmaa','Finland');
INSERT INTO CITIES (CITY, REGION, COUNTRY) VALUES ('Muurame','Keski-Finland','Finland');
INSERT INTO CITIES (CITY, REGION, COUNTRY) VALUES ('Mynämäki','Varsinais-Finland','Finland');
INSERT INTO CITIES (CITY, REGION, COUNTRY) VALUES ('Myrskylä','Uusimaa','Finland');
INSERT INTO CITIES (CITY, REGION, COUNTRY) VALUES ('Mäntsälä','Uusimaa','Finland');
INSERT INTO CITIES (CITY, REGION, COUNTRY) VALUES ('Mänttä-Vilppula','Pirkanmaa','Finland');
INSERT INTO CITIES (CITY, REGION, COUNTRY) VALUES ('Mäntyharju','Etelä-Savo','Finland');
INSERT INTO CITIES (CITY, REGION, COUNTRY) VALUES ('Naantali','Varsinais-Finland','Finland');
INSERT INTO CITIES (CITY, REGION, COUNTRY) VALUES ('Nakkila','Satakunta','Finland');
INSERT INTO CITIES (CITY, REGION, COUNTRY) VALUES ('Nivala','Pohjois-Pohjanmaa','Finland');
INSERT INTO CITIES (CITY, REGION, COUNTRY) VALUES ('Nokia','Pirkanmaa','Finland');
INSERT INTO CITIES (CITY, REGION, COUNTRY) VALUES ('Nousiainen','Varsinais-Finland','Finland');
INSERT INTO CITIES (CITY, REGION, COUNTRY) VALUES ('Nurmes','Pohjois-Karjala','Finland');
INSERT INTO CITIES (CITY, REGION, COUNTRY) VALUES ('Nurmijärvi','Uusimaa','Finland');
INSERT INTO CITIES (CITY, REGION, COUNTRY) VALUES ('Närpiö','Pohjanmaa','Finland');
INSERT INTO CITIES (CITY, REGION, COUNTRY) VALUES ('Orimattila','Päijät-Häme','Finland');
INSERT INTO CITIES (CITY, REGION, COUNTRY) VALUES ('Oripää','Varsinais-Finland','Finland');
INSERT INTO CITIES (CITY, REGION, COUNTRY) VALUES ('Orivesi','Pirkanmaa','Finland');
INSERT INTO CITIES (CITY, REGION, COUNTRY) VALUES ('Oulainen','Pohjois-Pohjanmaa','Finland');
INSERT INTO CITIES (CITY, REGION, COUNTRY) VALUES ('Oulu','Pohjois-Pohjanmaa','Finland');
INSERT INTO CITIES (CITY, REGION, COUNTRY) VALUES ('Outokumpu','Pohjois-Karjala','Finland');
INSERT INTO CITIES (CITY, REGION, COUNTRY) VALUES ('Padasjoki','Päijät-Häme','Finland');
INSERT INTO CITIES (CITY, REGION, COUNTRY) VALUES ('Paimio','Varsinais-Finland','Finland');
INSERT INTO CITIES (CITY, REGION, COUNTRY) VALUES ('Paltamo','Kainuu','Finland');
INSERT INTO CITIES (CITY, REGION, COUNTRY) VALUES ('Parainen','Varsinais-Finland','Finland');
INSERT INTO CITIES (CITY, REGION, COUNTRY) VALUES ('Parikkala','Etelä-Karjala','Finland');
INSERT INTO CITIES (CITY, REGION, COUNTRY) VALUES ('Parkano','Pirkanmaa','Finland');
INSERT INTO CITIES (CITY, REGION, COUNTRY) VALUES ('Pedersören kunta','Pohjanmaa','Finland');
INSERT INTO CITIES (CITY, REGION, COUNTRY) VALUES ('Pelkosenniemi','Lappi','Finland');
INSERT INTO CITIES (CITY, REGION, COUNTRY) VALUES ('Pello','Lappi','Finland');
INSERT INTO CITIES (CITY, REGION, COUNTRY) VALUES ('Perho','Keski-Pohjanmaa','Finland');
INSERT INTO CITIES (CITY, REGION, COUNTRY) VALUES ('Petäjävesi','Keski-Finland','Finland');
INSERT INTO CITIES (CITY, REGION, COUNTRY) VALUES ('Pieksämäki','Etelä-Savo','Finland');
INSERT INTO CITIES (CITY, REGION, COUNTRY) VALUES ('Pielavesi','Pohjois-Savo','Finland');
INSERT INTO CITIES (CITY, REGION, COUNTRY) VALUES ('Pietarsaari','Pohjanmaa','Finland');
INSERT INTO CITIES (CITY, REGION, COUNTRY) VALUES ('Pihtipudas','Keski-Finland','Finland');
INSERT INTO CITIES (CITY, REGION, COUNTRY) VALUES ('Pirkkala','Pirkanmaa','Finland');
INSERT INTO CITIES (CITY, REGION, COUNTRY) VALUES ('Polvijärvi','Pohjois-Karjala','Finland');
INSERT INTO CITIES (CITY, REGION, COUNTRY) VALUES ('Pomarkku','Satakunta','Finland');
INSERT INTO CITIES (CITY, REGION, COUNTRY) VALUES ('Pori','Satakunta','Finland');
INSERT INTO CITIES (CITY, REGION, COUNTRY) VALUES ('Pornainen','Uusimaa','Finland');
INSERT INTO CITIES (CITY, REGION, COUNTRY) VALUES ('Porvoo','Uusimaa','Finland');
INSERT INTO CITIES (CITY, REGION, COUNTRY) VALUES ('Posio','Lappi','Finland');
INSERT INTO CITIES (CITY, REGION, COUNTRY) VALUES ('Pudasjärvi','Pohjois-Pohjanmaa','Finland');
INSERT INTO CITIES (CITY, REGION, COUNTRY) VALUES ('Pukkila','Uusimaa','Finland');
INSERT INTO CITIES (CITY, REGION, COUNTRY) VALUES ('Punkalaidun','Pirkanmaa','Finland');
INSERT INTO CITIES (CITY, REGION, COUNTRY) VALUES ('Puolanka','Kainuu','Finland');
INSERT INTO CITIES (CITY, REGION, COUNTRY) VALUES ('Puumala','Etelä-Savo','Finland');
INSERT INTO CITIES (CITY, REGION, COUNTRY) VALUES ('Pyhtää','Kymenlaakso','Finland');
INSERT INTO CITIES (CITY, REGION, COUNTRY) VALUES ('Pyhäjoki','Pohjois-Pohjanmaa','Finland');
INSERT INTO CITIES (CITY, REGION, COUNTRY) VALUES ('Pyhäjärvi','Pohjois-Pohjanmaa','Finland');
INSERT INTO CITIES (CITY, REGION, COUNTRY) VALUES ('Pyhäntä','Pohjois-Pohjanmaa','Finland');
INSERT INTO CITIES (CITY, REGION, COUNTRY) VALUES ('Pyhäranta','Varsinais-Finland','Finland');
INSERT INTO CITIES (CITY, REGION, COUNTRY) VALUES ('Pälkäne','Pirkanmaa','Finland');
INSERT INTO CITIES (CITY, REGION, COUNTRY) VALUES ('Pöytyä','Varsinais-Finland','Finland');
INSERT INTO CITIES (CITY, REGION, COUNTRY) VALUES ('Raahe','Pohjois-Pohjanmaa','Finland');
INSERT INTO CITIES (CITY, REGION, COUNTRY) VALUES ('Raasepori','Uusimaa','Finland');
INSERT INTO CITIES (CITY, REGION, COUNTRY) VALUES ('Raisio','Varsinais-Finland','Finland');
INSERT INTO CITIES (CITY, REGION, COUNTRY) VALUES ('Rantasalmi','Etelä-Savo','Finland');
INSERT INTO CITIES (CITY, REGION, COUNTRY) VALUES ('Ranua','Lappi','Finland');
INSERT INTO CITIES (CITY, REGION, COUNTRY) VALUES ('Rauma','Satakunta','Finland');
INSERT INTO CITIES (CITY, REGION, COUNTRY) VALUES ('Rautalampi','Pohjois-Savo','Finland');
INSERT INTO CITIES (CITY, REGION, COUNTRY) VALUES ('Rautavaara','Pohjois-Savo','Finland');
INSERT INTO CITIES (CITY, REGION, COUNTRY) VALUES ('Rautjärvi','Etelä-Karjala','Finland');
INSERT INTO CITIES (CITY, REGION, COUNTRY) VALUES ('Reisjärvi','Pohjois-Pohjanmaa','Finland');
INSERT INTO CITIES (CITY, REGION, COUNTRY) VALUES ('Riihimäki','Kanta-Häme','Finland');
INSERT INTO CITIES (CITY, REGION, COUNTRY) VALUES ('Ristijärvi','Kainuu','Finland');
INSERT INTO CITIES (CITY, REGION, COUNTRY) VALUES ('Rovaniemi','Lappi','Finland');
INSERT INTO CITIES (CITY, REGION, COUNTRY) VALUES ('Ruokolahti','Etelä-Karjala','Finland');
INSERT INTO CITIES (CITY, REGION, COUNTRY) VALUES ('Ruovesi','Pirkanmaa','Finland');
INSERT INTO CITIES (CITY, REGION, COUNTRY) VALUES ('Rusko','Varsinais-Finland','Finland');
INSERT INTO CITIES (CITY, REGION, COUNTRY) VALUES ('Rääkkylä','Pohjois-Karjala','Finland');
INSERT INTO CITIES (CITY, REGION, COUNTRY) VALUES ('Saarijärvi','Keski-Finland','Finland');
INSERT INTO CITIES (CITY, REGION, COUNTRY) VALUES ('Salla','Lappi','Finland');
INSERT INTO CITIES (CITY, REGION, COUNTRY) VALUES ('Salo','Varsinais-Finland','Finland');
INSERT INTO CITIES (CITY, REGION, COUNTRY) VALUES ('Saltvik','Ahvenanmaa','Finland');
INSERT INTO CITIES (CITY, REGION, COUNTRY) VALUES ('Sastamala','Pirkanmaa','Finland');
INSERT INTO CITIES (CITY, REGION, COUNTRY) VALUES ('Sauvo','Varsinais-Finland','Finland');
INSERT INTO CITIES (CITY, REGION, COUNTRY) VALUES ('Savitaipale','Etelä-Karjala','Finland');
INSERT INTO CITIES (CITY, REGION, COUNTRY) VALUES ('Savonlinna','Etelä-Savo','Finland');
INSERT INTO CITIES (CITY, REGION, COUNTRY) VALUES ('Savukoski','Lappi','Finland');
INSERT INTO CITIES (CITY, REGION, COUNTRY) VALUES ('Seinäjoki','Etelä-Pohjanmaa','Finland');
INSERT INTO CITIES (CITY, REGION, COUNTRY) VALUES ('Sievi','Pohjois-Pohjanmaa','Finland');
INSERT INTO CITIES (CITY, REGION, COUNTRY) VALUES ('Siikainen','Satakunta','Finland');
INSERT INTO CITIES (CITY, REGION, COUNTRY) VALUES ('Siikajoki','Pohjois-Pohjanmaa','Finland');
INSERT INTO CITIES (CITY, REGION, COUNTRY) VALUES ('Siikalatva','Pohjois-Pohjanmaa','Finland');
INSERT INTO CITIES (CITY, REGION, COUNTRY) VALUES ('Siilinjärvi','Pohjois-Savo','Finland');
INSERT INTO CITIES (CITY, REGION, COUNTRY) VALUES ('Simo','Lappi','Finland');
INSERT INTO CITIES (CITY, REGION, COUNTRY) VALUES ('Sipoo','Uusimaa','Finland');
INSERT INTO CITIES (CITY, REGION, COUNTRY) VALUES ('Siuntio','Uusimaa','Finland');
INSERT INTO CITIES (CITY, REGION, COUNTRY) VALUES ('Sodankylä','Lappi','Finland');
INSERT INTO CITIES (CITY, REGION, COUNTRY) VALUES ('Soini','Etelä-Pohjanmaa','Finland');
INSERT INTO CITIES (CITY, REGION, COUNTRY) VALUES ('Somero','Varsinais-Finland','Finland');
INSERT INTO CITIES (CITY, REGION, COUNTRY) VALUES ('Sonkajärvi','Pohjois-Savo','Finland');
INSERT INTO CITIES (CITY, REGION, COUNTRY) VALUES ('Sotkamo','Kainuu','Finland');
INSERT INTO CITIES (CITY, REGION, COUNTRY) VALUES ('Sottunga','Ahvenanmaa','Finland');
INSERT INTO CITIES (CITY, REGION, COUNTRY) VALUES ('Sulkava','Etelä-Savo','Finland');
INSERT INTO CITIES (CITY, REGION, COUNTRY) VALUES ('Sund','Ahvenanmaa','Finland');
INSERT INTO CITIES (CITY, REGION, COUNTRY) VALUES ('Suomussalmi','Kainuu','Finland');
INSERT INTO CITIES (CITY, REGION, COUNTRY) VALUES ('Suonenjoki','Pohjois-Savo','Finland');
INSERT INTO CITIES (CITY, REGION, COUNTRY) VALUES ('Sysmä','Päijät-Häme','Finland');
INSERT INTO CITIES (CITY, REGION, COUNTRY) VALUES ('Säkylä','Satakunta','Finland');
INSERT INTO CITIES (CITY, REGION, COUNTRY) VALUES ('Taipalsaari','Etelä-Karjala','Finland');
INSERT INTO CITIES (CITY, REGION, COUNTRY) VALUES ('Taivalkoski','Pohjois-Pohjanmaa','Finland');
INSERT INTO CITIES (CITY, REGION, COUNTRY) VALUES ('Taivassalo','Varsinais-Finland','Finland');
INSERT INTO CITIES (CITY, REGION, COUNTRY) VALUES ('Tammela','Kanta-Häme','Finland');
INSERT INTO CITIES (CITY, REGION, COUNTRY) VALUES ('Tampere','Pirkanmaa','Finland');
INSERT INTO CITIES (CITY, REGION, COUNTRY) VALUES ('Tervo','Pohjois-Savo','Finland');
INSERT INTO CITIES (CITY, REGION, COUNTRY) VALUES ('Tervola','Lappi','Finland');
INSERT INTO CITIES (CITY, REGION, COUNTRY) VALUES ('Teuva','Etelä-Pohjanmaa','Finland');
INSERT INTO CITIES (CITY, REGION, COUNTRY) VALUES ('Tohmajärvi','Pohjois-Karjala','Finland');
INSERT INTO CITIES (CITY, REGION, COUNTRY) VALUES ('Toholampi','Keski-Pohjanmaa','Finland');
INSERT INTO CITIES (CITY, REGION, COUNTRY) VALUES ('Toivakka','Keski-Finland','Finland');
INSERT INTO CITIES (CITY, REGION, COUNTRY) VALUES ('Tornio','Lappi','Finland');
INSERT INTO CITIES (CITY, REGION, COUNTRY) VALUES ('Turku','Varsinais-Finland','Finland');
INSERT INTO CITIES (CITY, REGION, COUNTRY) VALUES ('Tuusniemi','Pohjois-Savo','Finland');
INSERT INTO CITIES (CITY, REGION, COUNTRY) VALUES ('Tuusula','Uusimaa','Finland');
INSERT INTO CITIES (CITY, REGION, COUNTRY) VALUES ('Tyrnävä','Pohjois-Pohjanmaa','Finland');
INSERT INTO CITIES (CITY, REGION, COUNTRY) VALUES ('Ulvila','Satakunta','Finland');
INSERT INTO CITIES (CITY, REGION, COUNTRY) VALUES ('Urjala','Pirkanmaa','Finland');
INSERT INTO CITIES (CITY, REGION, COUNTRY) VALUES ('Utajärvi','Pohjois-Pohjanmaa','Finland');
INSERT INTO CITIES (CITY, REGION, COUNTRY) VALUES ('Utsjoki','Lappi','Finland');
INSERT INTO CITIES (CITY, REGION, COUNTRY) VALUES ('Uurainen','Keski-Finland','Finland');
INSERT INTO CITIES (CITY, REGION, COUNTRY) VALUES ('Uusikaarlepyy','Pohjanmaa','Finland');
INSERT INTO CITIES (CITY, REGION, COUNTRY) VALUES ('Uusikaupunki','Varsinais-Finland','Finland');
INSERT INTO CITIES (CITY, REGION, COUNTRY) VALUES ('Vaala','Pohjois-Pohjanmaa','Finland');
INSERT INTO CITIES (CITY, REGION, COUNTRY) VALUES ('Vaasa','Pohjanmaa','Finland');
INSERT INTO CITIES (CITY, REGION, COUNTRY) VALUES ('Valkeakoski','Pirkanmaa','Finland');
INSERT INTO CITIES (CITY, REGION, COUNTRY) VALUES ('Vantaa','Uusimaa','Finland');
INSERT INTO CITIES (CITY, REGION, COUNTRY) VALUES ('Varkaus','Pohjois-Savo','Finland');
INSERT INTO CITIES (CITY, REGION, COUNTRY) VALUES ('Vehmaa','Varsinais-Finland','Finland');
INSERT INTO CITIES (CITY, REGION, COUNTRY) VALUES ('Vesanto','Pohjois-Savo','Finland');
INSERT INTO CITIES (CITY, REGION, COUNTRY) VALUES ('Vesilahti','Pirkanmaa','Finland');
INSERT INTO CITIES (CITY, REGION, COUNTRY) VALUES ('Veteli','Keski-Pohjanmaa','Finland');
INSERT INTO CITIES (CITY, REGION, COUNTRY) VALUES ('Vieremä','Pohjois-Savo','Finland');
INSERT INTO CITIES (CITY, REGION, COUNTRY) VALUES ('Vihti','Uusimaa','Finland');
INSERT INTO CITIES (CITY, REGION, COUNTRY) VALUES ('Viitasaari','Keski-Finland','Finland');
INSERT INTO CITIES (CITY, REGION, COUNTRY) VALUES ('Vimpeli','Etelä-Pohjanmaa','Finland');
INSERT INTO CITIES (CITY, REGION, COUNTRY) VALUES ('Virolahti','Kymenlaakso','Finland');
INSERT INTO CITIES (CITY, REGION, COUNTRY) VALUES ('Virrat','Pirkanmaa','Finland');
INSERT INTO CITIES (CITY, REGION, COUNTRY) VALUES ('Vårdö','Ahvenanmaa','Finland');
INSERT INTO CITIES (CITY, REGION, COUNTRY) VALUES ('Vöyri','Pohjanmaa','Finland');
INSERT INTO CITIES (CITY, REGION, COUNTRY) VALUES ('Ylitornio','Lappi','Finland');
INSERT INTO CITIES (CITY, REGION, COUNTRY) VALUES ('Ylivieska','Pohjois-Pohjanmaa','Finland');
INSERT INTO CITIES (CITY, REGION, COUNTRY) VALUES ('Ylöjärvi','Pirkanmaa','Finland');
INSERT INTO CITIES (CITY, REGION, COUNTRY) VALUES ('Ypäjä','Kanta-Häme','Finland');
INSERT INTO CITIES (CITY, REGION, COUNTRY) VALUES ('Ähtäri','Etelä-Pohjanmaa','Finland');
INSERT INTO CITIES (CITY, REGION, COUNTRY) VALUES ('Äänekoski','Keski-Finland','Finland');
